Time,Temp,PM10,PM2.5,Rain,RH,Wind
00:00,15,85,44,0,65,0.5
01:00,15,75,37,0,62,1.4
02:00,15,62,38,0,61,1.4
03:00,14,45,22,0,61,1.5
04:00,14,53,29,0,62,1.2
05:00,14,88,43,0,63,1.5
06:00,13,111,61,0,62,1.8
07:00,13,121,65,0,61,1.5
08:00,14,108,62,0,58,1.7
09:00,16,97,57,0,51,0.8
10:00,18,89,46,0,45,1.3
11:00,19,89,42,0,39,1
12:00,19,89,44,0,37,1
13:00,19,93,43,0,36,1.5
14:00,18,93,44,0,37,1.5
15:00,17,88,37,0,39,1.1
16:00,16,87,39,0,42,1
17:00,14,77,28,0,46,1
18:00,13,72,29,0,49,0.8
19:00,13,63,22,0,50,1.9
20:00,12,56,24,0,52,1.9
21:00,12,49,21,0,53,1.9
22:00,12,46,27,0,53,1.9
23:00,12,40,26,0,52,1.5
00:00,12,38,18,0,52,1.5
01:00,12,21,10,0,53,1.5
02:00,12,14,10,0,52,1.9
03:00,12,12,9,0,52,0.8
04:00,12,24,11,0,53,1.2
05:00,12,30,4,0,53,0.8
06:00,12,30,12,0,54,1.7
07:00,12,29,11,0,54,1.4
08:00,13,25,15,0,54,0.5
09:00,14,32,19,0,51,0.5
10:00,15,37,22,0,48,0.5
11:00,17,48,27,0,45,0.9
12:00,18,50,30,0,42,0.6
13:00,19,58,36,0,42,0.6
14:00,19,65,38,0,43,0.4
15:00,20,76,43,0,43,0.9
16:00,18,83,45,0,47,0.9
17:00,17,95,43,0,49,0.8
18:00,16,92,42,0,52,0.7
19:00,16,84,44,0,54,0.5
20:00,15,75,46,0,56,0.4
21:00,15,71,42,0,57,0.6
22:00,14,72,31,0,60,1.2
23:00,14,68,30,0,62,0.4
00:00,14,67,23,0,62,0.4
01:00,14,60,25,0,63,0.7
02:00,13,55,28,0,64,0.6
03:00,13,46,29,0,66,0.4
04:00,13,45,31,0,67,0.5
05:00,13,37,25,0,67,0.4
06:00,13,40,31,0,66,0.3
07:00,14,41,25,0,66,0.1
08:00,15,52,31,0,64,0.4
09:00,16,66,33,0,60,0.4
10:00,18,70,44,0,55,0.6
11:00,19,83,50,0,49,0.2
12:00,21,85,56,0,45,1.1
13:00,22,88,55,0,42,1.3
14:00,21,83,53,0,43,1.3
15:00,20,77,49,0,45,1.6
16:00,19,79,45,0,50,1.1
17:00,18,82,43,0,53,0.6
18:00,18,82,42,0,57,0.8
19:00,17,91,51,0,60,0.8
20:00,17,98,51,0,63,0.7
21:00,16,107,54,0,66,0.4
22:00,16,109,53,0,66,0.2
23:00,16,101,59,0,68,0.3
00:00,15,102,64,0,68,0.5
01:00,15,98,69,0,68,0.4
02:00,15,101,69,0,69,0.4
03:00,15,92,67,0,68,0.4
04:00,14,86,62,0,71,0.2
05:00,14,78,60,0,72,0.2
06:00,13,71,56,0,73,0.3
07:00,14,70,53,0,74,0.3
08:00,15,73,50,0,68,0.3
09:00,17,79,54,0,58,0.1
10:00,20,81,50,0,48,0.3
11:00,22,77,49,0,44,0.3
12:00,23,68,45,0,44,0.3
13:00,23,57,38,0,43,1.4
14:00,23,52,33,0,44,1.5
15:00,22,48,32,0,45,1.7
16:00,22,54,37,0,48,1.5
17:00,20,55,44,0,53,0.8
18:00,20,64,43,0,55,1.3
19:00,19,74,54,0,56,0.7
20:00,18,99,59,0,60,0.5
21:00,18,112,73,0,62,0.2
22:00,17,121,83,0,65,0.4
23:00,17,106,81,0,66,0.4
00:00,16,98,79,0,68,0.2
01:00,16,87,69,0,70,0.4
02:00,16,83,69,0,70,0.4
03:00,16,82,62,0,71,0.3
04:00,15,81,55,0,72,0.1
05:00,15,75,49,0,72,0.4
06:00,15,70,55,0,69,0.3
07:00,16,68,56,0,68,0.1
08:00,17,79,67,0,64,0.2
09:00,20,97,68,0,54,0.1
10:00,22,119,80,0,45,0.1
11:00,25,117,68,0,37,0.3
12:00,26,81,51,0,35,0.5
13:00,27,45,22,0,35,0.6
14:00,27,30,16,0,38,1
15:00,26,46,14,0,42,0.8
16:00,26,54,31,0,43,0.9
17:00,24,69,32,0,46,0.7
18:00,23,80,43,0,52,0.6
19:00,22,94,48,0,58,0.6
20:00,22,100,55,0,60,0.9
21:00,20,104,56,0,68,0.4
22:00,19,106,60,0,74,0.1
23:00,19,100,60,0,73,0.2
00:00,18,96,68,0,77,0.1
01:00,18,94,56,0,78,0.4
02:00,18,87,60,0,75,0.3
03:00,19,78,47,0,72,0.2
04:00,18,66,44,0,74,0.3
05:00,18,49,35,0,72,0.2
06:00,18,43,31,0,70,0.3
07:00,19,37,28,0,68,0.3
08:00,20,51,29,0,62,0.2
09:00,23,59,32,0,54,0.4
10:00,25,56,29,0,47,2
11:00,26,53,26,0,44,1.4
12:00,27,43,19,0,42,1.1
13:00,27,48,16,0,45,1.1
14:00,25,54,25,0,50,1.6
15:00,24,66,26,0,53,2.1
16:00,23,74,35,0,59,1.1
17:00,22,75,39,0,63,0.6
18:00,22,81,40,0,64,0.4
19:00,21,84,43,0,66,0.9
20:00,20,102,50,0,71,0.7
21:00,19,124,81,0,72,0.8
22:00,19,135,96,0,72,1.5
23:00,20,138,102,0,70,0.9
00:00,20,117,90,0,70,0.5
01:00,19,114,77,0,71,1
02:00,18,90,63,0,75,0.8
03:00,18,74,48,0,75,0.8
04:00,18,48,38,0,74,1.4
05:00,18,39,31,0,74,0.6
06:00,17,26,26,0,75,0.8
07:00,17,23,21,0,76,0.8
08:00,17,23,18,0,73,1.1
09:00,18,31,14,0,69,0.9
10:00,18,36,25,0,66,1
11:00,19,27,22,0,62,1.1
12:00,20,36,20,0,60,1.3
13:00,19,30,20,0,60,1.5
14:00,19,40,16,0,59,1.2
15:00,18,34,14,0,61,1.3
16:00,17,37,11,0,64,1.1
17:00,16,32,12,0,66,0.9
18:00,16,26,13,0,66,1.2
19:00,15,29,11,0,66,1
20:00,15,40,18,0,66,1.2
21:00,15,46,20,0,66,1.5
22:00,15,43,26,0,65,0.7
23:00,14,35,21,0,64,0.9
00:00,14,29,18,0,64,1.2
01:00,14,38,14,0,63,1
02:00,14,42,20,0,62,1.8
03:00,14,54,28,0,62,1.8
04:00,14,49,31,0,61,1.9
05:00,13,59,39,0,60,1.8
06:00,13,59,36,0,59,1
07:00,13,72,37,0,57,1.8
08:00,13,80,39,0,56,2.4
09:00,14,83,43,0,54,0.8
10:00,15,81,43,0,50,1
11:00,17,76,39,0,44,1
12:00,18,78,41,0,41,1
13:00,18,69,44,0,40,1.2
14:00,18,66,50,0,40,1.1
15:00,18,65,51,0,42,0.9
16:00,17,79,48,0,44,0.9
17:00,16,79,41,0,49,0.7
18:00,15,81,42,0,52,0.9
19:00,15,81,39,0,54,0.7
20:00,14,85,47,0,54,0.7
21:00,14,89,41,0,53,1
22:00,14,71,43,0,54,1.1
23:00,14,68,37,0,54,1.1
00:00,14,56,37,0,54,0.9
01:00,14,61,36,0,53,1.1
02:00,14,45,30,0,54,0.7
03:00,14,37,24,0,55,0.8
04:00,14,26,21,0,56,1.1
05:00,14,35,14,0,56,1.8
06:00,14,33,18,0,57,1.1
07:00,13,41,14,0,57,1.5
08:00,14,33,19,0,55,1.7
09:00,16,39,18,0,51,0.8
10:00,17,40,18,0,47,0.9
11:00,19,46,18,0,44,0.8
12:00,20,50,19,0,44,0.8
13:00,21,49,26,0,44,0.9
14:00,21,66,35,0,46,2.4
15:00,20,79,32,0,48,1.5
16:00,19,89,41,0,51,1.5
17:00,18,87,45,0,54,0.8
18:00,17,79,46,0,58,1.1
19:00,16,80,41,0,58,0.6
20:00,16,77,36,0,57,0.8
21:00,15,75,36,0,59,0.6
22:00,15,60,31,0,60,0.6
23:00,15,48,28,0,61,0.6
00:00,14,38,23,0,62,1.3
01:00,14,40,26,0,63,0.4
02:00,14,35,21,0,63,0.7
03:00,14,34,25,0,64,1.7
04:00,14,28,20,0,64,0.8
05:00,14,27,18,0,64,0.9
06:00,13,31,15,0,65,0.7
07:00,13,36,18,0,65,1
08:00,14,42,24,0,63,0.8
09:00,16,52,27,0,58,0.4
10:00,19,63,39,0,51,0.6
11:00,20,74,42,0,47,0.6
12:00,21,71,43,0,44,0.7
13:00,22,71,37,0,42,0.1
14:00,22,59,33,0,43,1.8
15:00,21,61,32,0,45,1.6
16:00,20,57,31,0,46,1.4
17:00,19,60,32,0,50,0.9
18:00,18,54,28,0,53,0.9
19:00,17,50,33,0,55,0.7
20:00,17,51,31,0,57,1.1
21:00,17,44,36,0,58,0.5
22:00,16,50,27,0,59,0.7
23:00,16,53,32,0,60,0.6
00:00,16,59,27,0,62,0.6
01:00,15,54,28,0,63,0.5
02:00,15,48,32,0,64,0.5
03:00,15,49,31,0,66,0.2
04:00,15,47,32,0,67,0.2
05:00,14,51,24,0,69,0.2
06:00,14,55,28,0,71,0.3
07:00,14,56,35,0,70,0.3
08:00,15,54,41,0,68,0.4
09:00,18,54,46,0,59,0.1
10:00,20,64,50,0,50,0.7
11:00,23,69,46,0,41,0.9
12:00,23,65,54,0,42,1.5
13:00,23,63,43,0,40,1
14:00,24,52,42,0,36,0.8
15:00,23,47,27,0,42,0.8
16:00,22,50,27,0,46,1.3
17:00,21,58,32,0,52,1
18:00,19,69,31,0,56,0.6
19:00,18,54,36,0,58,1.2
20:00,18,52,32,0,59,0.7
21:00,17,43,33,0,59,0.8
22:00,17,38,28,0,60,0.4
23:00,17,38,31,0,61,0.7
00:00,17,38,27,0,61,0.6
01:00,17,42,28,0,60,1.1
02:00,17,40,21,0,60,0.2
03:00,17,38,29,0,63,0.4
04:00,16,43,29,0,66,0.4
05:00,16,46,36,0,66,0.4
06:00,16,53,36,0,66,0.5
07:00,17,56,38,0,65,0.4
08:00,18,66,39,0,61,0.7
09:00,19,80,50,0,58,0.4
10:00,21,87,57,0,52,0.5
11:00,21,99,60,0,51,0.5
12:00,23,93,58,0,43,0.2
13:00,24,92,55,0,42,1.1
14:00,23,94,56,0,44,1.1
15:00,24,91,41,0,43,1.1
16:00,23,86,31,0,44,1.2
17:00,21,64,21,0,49,0.8
18:00,20,57,19,0,52,0.5
19:00,20,48,19,0,54,1
20:00,19,41,20,0,56,0.6
21:00,19,38,14,0,57,0.4
22:00,19,43,19,0,57,0.4
23:00,19,57,22,0,58,0.3
00:00,19,66,27,0,59,0.3
01:00,19,80,37,0,61,0.3
02:00,19,84,38,0,62,0.4
03:00,19,89,43,0,62,0.1
04:00,19,98,45,0,63,0.4
05:00,19,104,49,0,64,0.4
06:00,18,111,60,0,67,0.2
07:00,18,98,56,0,69,0.6
08:00,18,99,60,0,68,0.3
09:00,19,110,71,0,63,0.9
10:00,20,131,75,0,57,0.7
11:00,22,135,86,0,52,1
12:00,22,123,68,0,53,1.1
13:00,21,99,61,0,60,2
14:00,20,66,39,0,64,1.6
15:00,19,52,30,0,68,1.3
16:00,19,47,26,0,70,1.5
17:00,18,46,26,0,73,1.1
18:00,18,44,24,0,75,1.6
19:00,17,35,18,0,77,1.5
20:00,16,24,10,0,78,1.8
21:00,16,23,10,0.6,80,0.6
22:00,16,17,6,2,82,0.7
23:00,16,8,0,1.6,84,0.5
00:00,16,7,0,2.4,85,0.1
01:00,16,8,0,1.8,88,0.7
02:00,16,15,5,1.4,88,0.4
03:00,16,28,14,0,88,0.5
04:00,17,23,11,0.6,86,0.2
05:00,17,15,5,0.2,88,0.3
06:00,16,19,7,0,87,1.3
07:00,15,20,8,0,85,0.6
08:00,15,20,8,0,82,0.9
09:00,15,8,0,0,77,0.8
10:00,17,8,0,0,72,1
11:00,18,9,0,0,66,2
12:00,19,10,0,0,62,2.7
13:00,19,16,5,0,60,1.3
14:00,20,17,6,0,58,1.1
15:00,20,18,11,0,56,1.1
16:00,19,26,3,0,59,0.9
17:00,17,25,7,0,64,1.4
18:00,16,23,8,0,67,1
19:00,15,27,8,0,66,0.8
20:00,15,28,11,0,67,0.7
21:00,15,30,15,0,65,2
22:00,14,22,14,0,65,1.4
23:00,14,23,11,0,67,1.3
00:00,14,19,8,0,67,1.5
01:00,14,21,9,0,68,0.8
02:00,14,19,9,0,68,0.8
03:00,13,17,9,0,69,1.3
04:00,13,15,9,0,69,1.3
05:00,13,18,12,0,68,1.2
06:00,13,22,15,0,68,1.2
07:00,14,24,13,0,67,2.1
08:00,15,25,14,0,62,2.4
09:00,17,27,13,0,57,1.5
10:00,18,33,10,0,52,1.9
11:00,20,36,15,0,49,1.1
12:00,21,35,12,0,47,1.1
13:00,21,28,20,0,47,1
14:00,21,34,21,0,48,1.4
15:00,20,48,24,0,50,1.1
16:00,20,56,25,0,53,0.7
17:00,18,51,24,0,56,0.9
18:00,17,40,20,0,60,0.8
19:00,16,35,11,0,61,1
20:00,16,31,7,0,62,0.5
21:00,16,29,13,0,63,0.5
22:00,16,30,13,0,64,0.5
23:00,15,32,19,0,66,0.4
00:00,15,33,20,0,66,0.9
01:00,15,28,23,0,67,0.5
02:00,14,23,20,0,68,0.5
03:00,14,23,20,0,70,0.6
04:00,14,24,18,0,71,0.4
05:00,14,26,13,0,69,0.4
06:00,14,29,14,0,70,1.1
07:00,14,38,20,0,71,1
08:00,15,43,24,0,69,1.1
09:00,17,52,24,0,60,1.5
10:00,19,53,30,0,54,0.9
11:00,20,41,28,0,51,0.7
12:00,21,35,26,0,52,1.5
13:00,21,41,21,0,56,2.8
14:00,20,66,27,0,57,1.3
15:00,20,70,30,0,59,1.3
16:00,19,79,35,0,63,0.9
17:00,17,85,32,0,68,0.9
18:00,16,90,32,0,71,0.7
19:00,16,87,31,0,72,0.9
20:00,16,75,38,0,71,0.6
21:00,16,77,39,0,72,0.5
22:00,15,70,38,0,73,0.6
23:00,15,57,35,0,73,0.7
00:00,15,44,30,0,72,0.6
01:00,14,38,27,0,73,0.5
02:00,14,39,22,0,71,0.9
03:00,14,40,23,0,70,1.6
04:00,14,38,25,0,66,2.1
05:00,14,43,25,0,62,2.4
06:00,14,41,26,0,60,2.5
07:00,14,50,37,0,60,2.9
08:00,15,54,40,0,57,2.6
09:00,17,63,46,0,52,2.4
10:00,18,73,48,0,47,2.8
11:00,19,88,62,0,43,1
12:00,19,97,64,0,40,1.3
13:00,20,91,60,0,40,1.1
14:00,20,93,51,0,41,1.4
15:00,19,90,57,0,41,1
16:00,18,97,60,0,44,1.1
17:00,16,102,66,0,50,1.1
18:00,15,110,68,0,52,0.8
19:00,15,115,78,0,54,1
20:00,15,103,75,0,56,0.9
21:00,14,102,74,0,57,0.6
22:00,14,98,71,0,58,0.9
23:00,14,103,71,0,59,1.3
00:00,14,97,65,0,61,0.5
01:00,13,96,58,0,62,0.5
02:00,13,89,60,0,63,0.6
03:00,13,85,58,0,63,1.2
04:00,13,79,56,0,64,1
05:00,13,76,50,0,63,0.9
06:00,13,73,51,0,64,0.7
07:00,13,61,56,0,65,0.3
08:00,14,68,53,0,63,0.4
09:00,15,79,55,0,60,0.6
10:00,17,96,56,0,55,0.3
11:00,19,99,67,0,48,0.3
12:00,20,99,64,0,47,0.8
13:00,20,90,49,0,50,1.2
14:00,19,76,36,0,56,1.9
15:00,18,57,25,0,62,1.3
16:00,17,58,22,0,64,1
17:00,17,54,15,0,67,1.1
18:00,16,49,16,0,67,0.5
19:00,16,40,23,0,67,1.1
20:00,15,35,21,0,68,0.7
21:00,15,45,22,0,68,0.7
22:00,15,44,16,0,68,1.4
23:00,15,42,21,0,67,1.3
00:00,15,29,13,0,66,1
01:00,15,22,12,0,65,1.7
02:00,15,26,10,0,62,1.3
03:00,14,30,12,0,61,1.1
04:00,14,35,8,0,62,1.1
05:00,14,33,13,0,63,1.4
06:00,14,41,14,0,63,1.1
07:00,14,39,16,0,63,1.1
08:00,15,37,13,0,61,2
09:00,16,34,24,0,54,1.2
10:00,18,44,29,0,46,1.5
11:00,20,54,33,0,43,1.7
12:00,20,67,35,0,42,1.1
13:00,21,78,37,0,41,1.7
14:00,21,80,41,0,41,1.2
15:00,20,82,45,0,42,1.3
16:00,19,83,56,0,45,0.7
17:00,18,91,41,0,49,0.7
18:00,17,95,51,0,53,0.9
19:00,16,91,45,0,56,0.7
20:00,15,88,50,0,57,0.6
21:00,15,85,48,0,59,1
22:00,15,84,49,0,60,0.7
23:00,14,79,48,0,61,1.1
00:00,14,79,47,0,62,0.7
01:00,15,75,43,0,62,0.3
02:00,14,70,49,0,64,0.4
03:00,14,68,47,0,65,0.4
04:00,15,66,47,0,64,0.4
05:00,15,73,43,0,64,0.5
06:00,15,78,43,0,66,0.3
07:00,16,93,50,0,66,0.5
08:00,17,99,55,0,62,1.3
09:00,19,113,62,0,58,0.5
10:00,20,116,63,0,54,0.5
11:00,22,115,59,0,51,0.4
12:00,23,100,57,0,48,1.2
13:00,23,87,59,0,48,0.6
14:00,22,87,57,0,50,2.5
15:00,21,96,59,0,53,1.5
16:00,20,106,58,0,56,1.2
17:00,20,111,66,0,59,0.7
18:00,19,106,56,0,69,0.9
19:00,18,98,49,0,73,0.8
20:00,17,94,38,0,77,1
21:00,17,96,37,0,78,0.9
22:00,17,95,32,0,78,0.7
23:00,17,90,32,0,79,0.9
00:00,17,83,31,0,79,0.9
01:00,17,84,30,0.2,81,0.6
02:00,17,85,29,0,83,1
03:00,17,80,36,0.4,84,0.6
04:00,17,80,41,0,84,0.7
05:00,17,72,42,0,84,0.4
06:00,16,79,40,0,84,0.8
07:00,16,79,33,0,84,0.8
08:00,17,78,33,0,81,0.8
09:00,17,78,32,0,78,0.8
10:00,18,74,38,0,73,1
11:00,20,79,41,0,66,0.7
12:00,20,73,38,0,62,1.8
13:00,21,72,33,0,62,1.7
14:00,21,71,36,0,60,1.4
15:00,21,75,38,0,57,1.1
16:00,20,80,42,0,59,0.9
17:00,18,82,32,0,66,1.4
18:00,18,89,38,0,67,0.7
19:00,17,88,44,0,68,0.6
20:00,17,92,48,0,67,0.8
21:00,17,81,49,0,63,0.4
22:00,17,74,45,0,59,0.4
23:00,16,65,43,0,57,0.8
00:00,16,59,37,0,58,1.2
01:00,16,51,30,0,55,0.8
02:00,16,46,28,0,48,0.5
03:00,16,40,28,0,41,0.5
04:00,15,37,21,0,38,0.3
05:00,15,32,23,0,39,0.6
06:00,15,39,19,0,45,0.6
07:00,15,44,25,0,48,0.5
08:00,17,53,28,0,45,1.1
09:00,18,62,35,0,35,1.1
10:00,19,61,37,0,30,0.9
11:00,20,69,32,0,29,0.8
12:00,20,66,33,0,33,1.4
13:00,19,79,39,0,41,1.1
14:00,20,86,47,0,43,1.5
15:00,20,103,48,0,44,1
16:00,19,124,60,0,47,0.9
17:00,17,139,68,0,52,1
18:00,16,152,88,0,54,0.9
19:00,16,155,91,0,55,1.7
20:00,15,150,89,0,51,2.3
21:00,16,127,80,0,39,1.6
22:00,15,100,63,0,32,1.4
23:00,15,65,50,0,28,1.3
00:00,15,50,25,0,26,1.2
01:00,15,35,12,0,26,1.5
02:00,14,32,6,0,30,0.5
03:00,14,21,13,0,31,0.6
04:00,13,21,20,0,37,0.6
05:00,12,31,28,0,54,0.2
06:00,11,46,29,0,60,0.5
07:00,12,50,25,0,48,0.2
08:00,13,58,22,0,50,0.7
09:00,15,54,29,0,37,0.3
10:00,18,55,35,0,26,0.4
11:00,20,59,36,0,33,1.4
12:00,21,65,32,0,34,1
13:00,22,85,40,0,34,1.4
14:00,21,84,46,0,38,2.1
15:00,21,103,48,0,42,1.7
16:00,20,108,54,0,44,0.9
17:00,19,117,53,0,47,0.9
18:00,19,114,58,0,48,1.7
19:00,18,117,61,0,50,0.5
20:00,18,122,71,0,54,0.3
21:00,17,127,73,0,55,0.2
22:00,17,130,79,0,59,0.3
23:00,16,133,80,0,60,0.3
00:00,16,134,77,0,62,0.1
01:00,15,125,69,0,63,0.2
02:00,15,117,67,0,64,0.3
03:00,14,99,63,0,62,0.2
04:00,14,86,56,0,64,0.1
05:00,13,79,49,0,68,0.5
06:00,12,78,57,0,70,0.4
07:00,13,77,59,0,68,0.3
08:00,14,79,62,0,62,0.4
09:00,17,76,56,0,49,0.5
10:00,19,72,58,0,37,0.8
11:00,21,61,44,0,32,0.8
12:00,22,74,47,0,34,0.6
13:00,22,90,53,0,39,1.5
14:00,21,97,63,0,52,2.3
15:00,19,91,63,0,57,2.2
16:00,18,89,61,0,58,1
17:00,18,95,62,0,60,1.2
18:00,18,104,64,0,65,1.1
19:00,18,118,67,0,64,0.9
20:00,18,119,66,0,60,0.9
21:00,17,112,74,0,59,0.1
22:00,16,105,75,0,64,0.1
23:00,16,117,79,0,65,0.4
00:00,17,118,72,0,63,0.4
01:00,17,108,73,0,62,0.1
02:00,17,97,73,0,64,0.7
03:00,17,98,75,0,64,0.2
04:00,16,99,69,0,65,0.3
05:00,17,89,69,0,63,0.1
06:00,17,83,68,0,64,1
07:00,16,93,66,0,72,1.3
08:00,17,106,67,0,67,0.6
09:00,19,108,66,0,59,0.2
10:00,21,105,72,0,53,0.5
11:00,21,96,64,0,47,0.2
12:00,22,95,64,0,43,0.3
13:00,23,94,66,0,43,0.3
14:00,23,95,63,0,38,0.5
15:00,23,101,60,0,48,1.2
16:00,22,106,62,0,55,0.8
17:00,21,113,68,0,59,0.5
18:00,20,120,74,0,61,0.8
19:00,19,124,72,0,63,0.8
20:00,19,115,72,0,64,0.8
21:00,18,93,55,0,73,0.8
22:00,17,66,42,0,77,1.1
23:00,17,51,26,0,78,0.6
00:00,17,44,28,0,78,0.8
01:00,17,46,26,0,78,0.9
02:00,17,54,36,0,77,0.9
03:00,17,59,38,0.2,76,0.8
04:00,17,54,37,0.6,74,0.5
05:00,17,47,38,0.6,74,1.4
06:00,16,47,35,0.2,76,1.2
07:00,16,51,39,0.2,77,1.7
08:00,17,63,44,0,76,0.5
09:00,18,72,45,0,74,0.7
10:00,18,84,44,0,73,1.2
11:00,20,86,42,0,69,0.5
12:00,21,74,36,0,66,0.9
13:00,20,73,38,0,69,1.4
14:00,20,63,37,0,69,0.8
15:00,19,69,44,0,72,1.4
16:00,19,75,46,0,74,1
17:00,18,84,48,0,74,0.9
18:00,18,84,47,0,73,0.6
19:00,18,68,40,0,71,0.9
20:00,18,70,40,0,70,0.9
21:00,18,71,44,0,70,0.5
22:00,18,82,46,0,70,0.5
23:00,18,83,46,0,71,0.4
00:00,18,84,48,0,74,0.6
01:00,17,83,50,0,79,0.8
02:00,17,79,53,0,81,0.9
03:00,17,79,47,0,83,1
04:00,17,66,42,0.4,84,0.3
05:00,17,45,33,0.2,86,0.6
06:00,17,34,33,0,86,0.3
07:00,17,35,36,0,89,0.3
08:00,18,39,32,0,86,0.6
09:00,18,40,30,0,81,0.7
10:00,19,31,25,0,76,0.6
11:00,19,39,27,0,74,1.1
12:00,20,41,25,0,72,0.8
13:00,20,54,25,0,70,1.2
14:00,20,56,32,0,70,1
15:00,20,64,29,0,70,1.1
16:00,19,63,33,0,72,1.3
17:00,18,64,29,0,73,0.8
18:00,18,58,32,0,72,0.9
19:00,18,52,24,0,72,1.7
20:00,17,37,21,0,71,1.5
21:00,17,24,16,0,71,1.3
22:00,17,17,21,0,70,1.7
23:00,17,26,21,0,69,1.4
00:00,16,33,20,0,68,1
01:00,16,28,12,0,68,1.7
02:00,16,20,8,0,68,1.2
03:00,16,13,10,0,69,0.6
04:00,16,13,15,0,70,0.6
05:00,16,9,10,0,70,1.3
06:00,15,9,9,0,70,0.9
07:00,16,14,6,0,70,1.3
08:00,17,22,5,0,67,1
09:00,18,24,6,0,62,1.4
10:00,19,18,5,0,58,0.8
11:00,21,19,7,0,54,0.9
12:00,21,21,9,0,52,1.7
13:00,21,20,3,0,54,0.9
14:00,20,19,7,0,55,1.2
15:00,20,28,9,0,57,1
16:00,19,41,10,0,59,1.1
17:00,18,37,12,0,61,0.7
18:00,17,28,11,0,63,0.7
19:00,17,23,19,0,65,0.7
20:00,17,28,15,0,66,0.7
21:00,17,24,15,0,67,0.5
22:00,17,16,9,0,67,0.9
23:00,16,15,7,0,68,0.5
00:00,16,17,7,0,69,0.9
01:00,16,16,6,0,69,0.6
02:00,16,16,11,0,70,0.8
03:00,16,17,8,0,70,0.6
04:00,16,25,9,0,70,0.9
05:00,16,17,4,0,71,0.7
06:00,16,14,7,0,71,0.7
07:00,16,13,8,0,72,0.5
08:00,17,22,18,0,70,0.6
09:00,18,30,22,0,66,1.2
10:00,20,33,20,0,61,1
11:00,21,30,14,0,57,0.7
12:00,22,40,16,0,55,1.4
13:00,22,48,23,0,58,1.7
14:00,21,54,25,0,62,1.7
15:00,20,53,29,0,68,1.4
16:00,19,52,32,0,73,1.1
17:00,18,59,24,0,79,1
18:00,18,63,22,0,82,0.8
19:00,17,55,19,0,83,0.9
20:00,17,46,19,0,84,0.8
21:00,17,40,22,0,86,0.6
22:00,17,48,25,0,85,0.5
23:00,17,54,27,0,85,0.7
00:00,17,52,24,0,86,0.6
01:00,17,43,25,0,86,0.6
02:00,17,45,22,0,88,0.6
03:00,17,46,24,0,89,0.6
04:00,17,42,18,0,87,0.8
05:00,17,24,21,0,85,0.7
06:00,17,20,12,0,84,0.8
07:00,17,23,11,0,82,0.7
08:00,17,24,8,0,78,0.7
09:00,18,23,14,0,75,1.5
10:00,19,29,20,0,72,1.2
11:00,19,36,20,0,69,1.4
12:00,19,40,23,0,68,1.7
13:00,19,40,16,0,67,1.4
14:00,20,45,11,0,64,1.1
15:00,20,40,5,0,63,1.5
16:00,18,30,7,0,68,1.2
17:00,16,29,14,0,73,0.9
18:00,15,32,10,0,76,0.8
19:00,15,33,11,0,78,0.8
20:00,14,19,10,0,79,2
21:00,14,11,7,0,78,1
22:00,14,9,8,0,77,0.7
23:00,14,8,6,0,76,1.1
00:00,14,3,4,0,76,0.6
01:00,14,7,2,0,77,0.9
02:00,14,17,2,0,77,0.7
03:00,14,22,4,0,77,0.5
04:00,14,20,4,0,76,1.1
05:00,14,15,8,0,76,0.5
06:00,14,13,14,0,77,0.6
07:00,14,15,15,0,76,1.1
08:00,15,24,13,0,73,1.2
09:00,16,34,16,0,68,1.7
10:00,18,38,21,0,62,0.8
11:00,19,38,28,0,60,0.8
12:00,20,34,22,0,58,1.3
13:00,20,37,25,0,58,1.2
14:00,18,35,25,0,62,1.3
15:00,18,47,27,0,64,0.9
16:00,17,53,29,0,66,1
17:00,16,52,26,0,69,1
18:00,15,43,29,0,72,0.8
19:00,15,34,24,0,74,0.7
20:00,14,33,24,0,74,0.9
21:00,14,29,22,0,75,0.7
22:00,14,20,20,0,75,0.4
23:00,14,16,11,0,76,0.6
00:00,14,19,12,0,75,0.8
01:00,14,21,6,0,74,1.3
02:00,14,23,12,0,73,0.9
03:00,14,18,7,0,74,0.7
04:00,14,24,10,0,74,0.7
05:00,14,23,9,0,74,0.9
06:00,14,18,12,0,74,1.3
07:00,15,13,11,0,73,0.7
08:00,15,5,8,0,71,0.6
09:00,17,11,9,0,67,0.5
10:00,19,13,19,0,60,0.9
11:00,20,18,21,0,57,1.4
12:00,21,28,19,0,56,1.3
13:00,21,38,13,0,58,2.3
14:00,21,49,16,0,58,2.5
15:00,20,49,14,0,60,2.4
16:00,19,49,13,0,64,2.3
17:00,18,44,12,0,68,0.8
18:00,17,42,19,0,70,0.7
19:00,17,40,23,0,72,0.7
20:00,16,35,15,0,72,0.6
21:00,16,29,19,0,74,0.5
22:00,15,26,18,0,75,0.6
23:00,15,31,18,0,76,0.7
00:00,15,34,18,0,76,0.5
01:00,16,36,21,0,75,0.4
02:00,16,26,29,0,75,0.2
03:00,16,28,19,0,75,0.7
04:00,16,28,14,0,76,0.1
05:00,16,43,18,0,77,0.2
06:00,16,43,23,0,78,0.6
07:00,16,49,27,0,77,0.5
08:00,17,52,22,0,73,1
09:00,18,68,39,0,68,0.5
10:00,20,80,44,0,60,0.5
11:00,21,79,44,0,58,1
12:00,22,77,43,0,58,1.8
13:00,21,69,36,0,61,1.9
14:00,21,49,29,0,64,2.2
15:00,20,48,23,0,69,2.6
16:00,19,44,20,0,73,1.5
17:00,18,49,11,0,78,1.4
18:00,17,50,21,0,81,1.1
19:00,17,45,24,0,83,0.4
20:00,17,47,24,0,83,1
21:00,17,46,19,0,82,0.5
22:00,17,45,13,0,82,0.6
23:00,17,37,19,0,82,0.6
00:00,17,37,19,0,82,0.4
01:00,17,44,24,0,83,0.6
02:00,17,51,18,0,83,0.2
03:00,17,55,23,0,83,0.5
04:00,17,52,27,0,83,0.5
05:00,16,50,35,0,85,0.7
06:00,16,43,25,0,86,0.7
07:00,16,35,13,0,83,0.8
08:00,17,33,14,0,79,0.9
09:00,18,32,20,0,75,1.4
10:00,19,39,20,0,71,1.6
11:00,19,38,18,0,69,1.6
12:00,20,39,18,0,70,2
13:00,19,38,16,0,75,2.3
14:00,18,38,15,0,79,1.1
15:00,17,36,8,0,80,1
16:00,17,38,9,0,80,1.1
17:00,17,30,10,0,80,0.8
18:00,17,29,12,0,82,0.7
19:00,17,22,16,0,83,1.1
20:00,16,28,14,0,83,0.4
21:00,16,24,15,0,84,0.9
22:00,16,21,16,0,86,0.9
23:00,16,13,13,0,87,0.6
00:00,16,16,16,0,87,0.4
01:00,16,17,13,0,85,0.6
02:00,15,18,12,0,84,0.9
03:00,15,10,8,0,83,0.8
04:00,15,6,7,0,82,0.8
05:00,15,2,7,0,82,0.6
06:00,15,10,9,0,82,0.8
07:00,15,15,4,0,82,1
08:00,16,30,10,0,79,1.1
09:00,17,25,12,0,75,0.8
10:00,18,25,16,0,69,1
11:00,19,24,16,0,66,1.2
12:00,19,38,15,0,67,1.2
13:00,18,53,24,0,67,1.3
14:00,18,52,23,0,67,0.9
15:00,17,47,26,0,68,1.3
16:00,16,39,18,0,69,1.3
17:00,15,43,21,0,72,1.1
18:00,15,42,19,0,74,1.6
19:00,14,48,25,0,75,1.1
20:00,14,44,22,0,77,0.9
21:00,14,50,33,0,77,1.5
22:00,14,46,39,0,76,0.8
23:00,14,49,37,0,76,0.9
00:00,14,52,39,0,76,1.1
01:00,13,63,39,0,76,2
02:00,13,61,47,0,77,0.9
03:00,12,56,38,0,76,0.8
04:00,12,50,23,0,75,2.2
05:00,12,50,24,0,74,1.5
06:00,12,53,26,0,73,1.3
07:00,13,47,35,0,73,1.5
08:00,13,48,33,0,73,0.8
09:00,13,60,48,0,72,0.7
10:00,14,86,58,0,68,0.8
11:00,15,105,74,0,63,1.2
12:00,15,118,81,0,60,1.1
13:00,15,137,95,0,57,1.4
14:00,14,169,98,0,56,1.7
15:00,14,168,89,0,55,0.9
16:00,14,147,93,0,58,0.8
17:00,13,119,78,0,60,1.3
18:00,13,119,84,0,63,1.1
19:00,12,124,77,0,63,1.3
20:00,12,119,89,0,62,2.2
21:00,12,105,78,0,62,2.3
22:00,12,89,72,0,61,1.8
23:00,12,84,63,0,61,1
00:00,12,79,61,0,60,1.4
01:00,12,81,56,0,61,1
02:00,12,72,55,0,62,0.7
03:00,12,62,53,0,62,0.6
04:00,12,48,46,0,62,0.9
05:00,12,46,40,0,63,0.9
06:00,12,48,32,0,63,0.7
07:00,12,56,35,0,64,0.7
08:00,12,54,27,0,65,0.7
09:00,13,58,30,0,65,0.7
10:00,14,56,28,0,63,0.6
11:00,14,68,35,0,62,0.6
12:00,15,62,32,0,59,0.9
13:00,16,61,28,0,57,0.8
14:00,17,60,32,0,58,1
15:00,17,71,37,0,58,0.9
16:00,17,75,50,0,59,0.7
17:00,16,82,41,0,63,1
18:00,14,76,40,0,68,0.9
19:00,13,68,28,0,73,0.8
20:00,13,53,31,0,74,1.2
21:00,13,48,33,0,73,0.9
22:00,13,48,35,0,72,0.6
23:00,13,45,37,0,74,0.8
00:00,13,41,33,0,76,0.8
01:00,12,35,31,0,77,0.4
02:00,12,38,27,0,77,0.6
03:00,12,43,28,0,78,0.4
04:00,13,45,33,0,77,0.1
05:00,12,45,42,0,80,0.2
06:00,13,50,45,0,80,0.2
07:00,13,55,44,0,79,0.2
08:00,14,60,48,0,76,0.4
09:00,15,74,56,0,70,0.3
10:00,17,92,58,0,65,0.8
11:00,18,89,58,0,61,0.9
12:00,20,81,49,0,53,1.3
13:00,22,76,48,0,49,1.9
14:00,20,74,45,0,64,2.3
15:00,18,58,38,0,71,1.5
16:00,17,43,37,0,73,1.3
17:00,17,49,29,0,76,0.7
18:00,16,60,32,0,79,0.9
19:00,16,63,37,0,80,0.6
20:00,16,59,35,0,81,0.7
21:00,16,59,37,0,82,0.8
22:00,16,58,27,0,82,0.5
23:00,16,55,38,0,83,0.7
00:00,15,50,28,0,84,0.5
01:00,16,48,28,0,85,0.4
02:00,16,52,21,0,83,0.6
03:00,15,44,23,0,81,0.9
04:00,14,42,22,0,78,0.7
05:00,14,37,21,0,77,0.6
06:00,14,38,24,0,77,1.2
07:00,14,41,20,0,77,1.3
08:00,14,52,22,0,73,1.2
09:00,15,69,23,0,66,2.8
10:00,16,75,27,0,60,2.9
11:00,17,79,35,0,53,2.9
12:00,17,74,36,0,49,2.3
13:00,18,69,51,0,48,0.9
14:00,17,66,46,0,48,1
15:00,16,71,53,0,49,1.5
16:00,15,83,46,0,53,1.6
17:00,15,87,55,0,56,1.9
18:00,14,97,59,0,59,1.9
19:00,13,93,61,0,64,2
20:00,13,78,53,0,62,1.9
21:00,13,53,45,0,60,1.5
22:00,12,37,38,0,59,1.7
23:00,12,33,28,0,57,2
00:00,12,29,19,0,55,1.8
01:00,12,25,13,0,53,2.1
02:00,12,23,21,0,53,1.8
03:00,12,24,15,0,54,1.1
04:00,12,34,18,0,54,1.3
05:00,12,36,10,0,57,1.2
06:00,12,36,10,0,60,0.8
07:00,12,32,7,0,61,0.7
08:00,12,26,11,0,60,2.5
09:00,12,29,9,0,59,3.5
10:00,13,31,9,0,57,1.9
11:00,13,36,7,0,55,1.5
12:00,14,37,10,0,54,1.4
13:00,15,29,10,0,54,0.9
14:00,15,23,10,0,53,1.2
15:00,15,31,11,0,52,1.3
16:00,15,32,8,0,53,1
17:00,14,39,7,0,56,0.9
18:00,13,34,10,0,62,1
19:00,12,40,14,0,66,1.2
20:00,12,36,13,0,68,2.6
21:00,11,30,12,0,68,2.3
22:00,11,21,9,0,68,2.5
23:00,11,14,11,0,68,2.1
00:00,12,11,11,0,68,1.8
01:00,12,13,9,0,67,1.7
02:00,12,15,7,0,67,1.8
03:00,12,16,3,0,67,0.9
04:00,12,12,2,0,66,0.6
05:00,12,7,5,0,65,1.5
06:00,12,7,6,0,66,0.8
07:00,12,12,10,0,65,1.3
08:00,13,22,10,0,62,1.1
09:00,15,32,9,0,57,1.2
10:00,16,41,10,0,53,0.7
11:00,17,41,10,0,50,1
12:00,18,43,12,0,49,1
13:00,18,43,8,0,51,1.4
14:00,18,54,16,0,53,1.6
15:00,17,49,18,0,55,1.9
16:00,16,49,24,0,57,1
17:00,16,47,18,0,60,1
18:00,15,47,14,0,63,0.8
19:00,14,48,20,0,65,0.9
20:00,14,46,14,0,66,1.1
21:00,14,50,25,0,67,0.5
22:00,14,51,24,0,68,0.7
23:00,14,57,27,0,69,0.4
00:00,13,61,27,0,71,0.4
01:00,13,59,18,0,73,0.1
02:00,13,51,22,0,75,0.2
03:00,13,45,18,0,72,0.7
04:00,13,36,25,0,71,0.1
05:00,13,36,24,0,75,0.1
06:00,13,28,27,0,75,0.3
07:00,13,36,25,0,75,0.6
08:00,14,34,30,0,69,0.3
09:00,17,44,31,0,59,0.4
10:00,18,48,40,0,55,0.5
11:00,20,61,30,0,52,0.3
12:00,21,60,31,0,54,1.8
13:00,20,56,22,0,57,1.7
14:00,20,51,32,0,57,1.1
15:00,19,51,27,0,59,1.9
16:00,18,51,30,0,59,1.4
17:00,17,54,24,0,61,1.5
18:00,17,57,24,0,69,0.8
19:00,17,63,24,0,71,0.4
20:00,17,64,26,0,72,0.5
21:00,17,64,30,0,72,0.4
22:00,17,69,32,0,72,0.3
23:00,17,85,45,0,73,0.7
00:00,17,99,47,0,72,0.5
01:00,16,89,56,0,75,0.9
02:00,16,80,41,0,75,0.5
03:00,15,71,43,0,78,0.6
04:00,15,75,36,0,76,0.5
05:00,15,63,44,0,59,0.5
06:00,15,64,45,0,56,0.8
07:00,15,65,57,0,54,0.9
08:00,16,74,54,0,45,0.6
09:00,18,71,61,0,41,1.1
10:00,19,77,47,0,38,1.6
11:00,20,74,51,0,32,1
12:00,21,75,42,0,28,1.1
13:00,22,71,43,0,27,0.9
14:00,21,82,41,0,31,1.1
15:00,21,88,41,0,31,1.4
16:00,20,92,42,0,31,1
17:00,19,88,41,0,30,1.1
18:00,18,90,40,0,33,0.6
19:00,17,96,38,0,37,0.8
20:00,16,98,41,0,40,1.2
21:00,16,104,45,0,43,1.2
22:00,15,99,43,0,45,0.6
23:00,15,98,44,0,47,0.4
00:00,14,83,41,0,46,0.2
01:00,13,81,51,0,56,0.3
02:00,13,84,50,0,58,0.2
03:00,13,76,50,0,56,0.4
04:00,13,67,38,0,53,0.4
05:00,13,54,33,0,57,0.2
06:00,12,53,37,0,62,0.3
07:00,13,54,43,0,57,0.3
08:00,15,49,39,0,48,0.1
09:00,18,62,40,0,41,0.7
10:00,20,65,35,0,33,0.8
11:00,22,76,37,0,30,1.2
12:00,23,83,37,0,33,1.3
13:00,23,89,43,0,34,1.4
14:00,23,90,37,0,33,1.8
15:00,23,91,30,0,31,1.6
16:00,22,83,29,0,35,1.1
17:00,20,94,32,0,47,1.1
18:00,19,116,59,0,62,1.1
19:00,18,137,69,0,69,0.9
20:00,17,144,77,0,72,0.7
21:00,17,144,79,0,74,0.3
22:00,17,154,79,0,76,0.3
23:00,16,158,78,0,78,0.3
00:00,16,157,77,0,78,0.5
01:00,16,146,80,0,77,0.3
02:00,15,150,80,0,78,0.3
03:00,15,150,79,0,77,0.4
04:00,15,142,79,0,73,0.6
05:00,15,111,63,0,67,0.4
06:00,15,92,61,0,69,0.5
07:00,15,91,59,0,71,0.5
08:00,16,106,77,0,63,0.2
09:00,19,110,72,0,52,0.4
10:00,21,108,61,0,44,0.5
11:00,23,105,56,0,39,0.4
12:00,24,103,56,0,32,1.1
13:00,24,102,64,0,37,2.3
14:00,24,96,57,0,27,2.1
15:00,24,82,55,0,23,1.3
16:00,23,69,41,0,25,1.5
17:00,22,70,44,0,24,0.9
18:00,21,85,42,0,26,1
19:00,21,99,53,0,27,0.6
20:00,21,109,62,0,34,0.5
21:00,21,123,73,0,38,0.4
22:00,21,138,80,0,40,0.1
23:00,20,144,75,0,43,0.5
00:00,20,142,82,0,44,0.6
01:00,20,134,75,0,48,0.4
02:00,19,125,90,0,52,0.4
03:00,19,125,77,0,58,0.2
04:00,18,128,86,0,64,0.1
05:00,18,132,78,0,68,0.3
06:00,18,124,86,0,63,0.1
07:00,18,126,82,0,61,0.3
08:00,19,120,73,0,55,0.5
09:00,21,110,72,0,47,0.5
10:00,23,94,67,0,40,0.4
11:00,26,94,63,0,36,0.1
12:00,27,102,61,0,36,0.7
13:00,25,126,68,0,49,1.6
14:00,26,130,92,0,43,1.3
15:00,25,140,85,0,44,1.2
16:00,23,114,76,0,40,0.8
17:00,23,111,60,0,41,0.9
18:00,22,106,63,0,48,0.7
19:00,20,120,67,0,56,0.9
20:00,20,123,68,0,58,0.9
21:00,19,125,67,0,70,1
22:00,18,113,66,0.2,80,1.5
23:00,18,104,74,0.6,84,0.6
00:00,17,98,79,0,84,2
01:00,17,97,77,0,83,1.2
02:00,18,86,64,0.2,82,1.5
03:00,18,72,50,3.4,84,0.8
04:00,18,53,30,7.6,92,1
05:00,18,34,20,3,96,0.4
06:00,18,31,12,0,97,0.9
07:00,18,47,36,0,96,0.3
08:00,19,75,50,0,93,0.5
09:00,21,98,69,0,84,0.5
10:00,23,90,60,0,74,0.8
11:00,24,65,44,0,70,1.1
12:00,24,35,22,0,70,1.8
13:00,24,33,15,0,66,1.2
14:00,25,31,18,0,63,1.5
15:00,25,33,20,0,63,1
16:00,24,27,18,0,66,1.2
17:00,22,31,20,0,69,0.7
18:00,21,38,21,0,74,0.6
19:00,20,48,27,0,77,0.6
20:00,20,59,32,0,79,1.4
21:00,20,61,38,0,79,0.4
22:00,19,64,38,0,80,0.4
23:00,19,68,39,0,82,0.3
00:00,19,66,45,0,82,0.3
01:00,18,58,44,0,81,0.3
02:00,18,44,39,0,81,0.9
03:00,17,40,32,0,82,0.5
04:00,17,39,29,0,82,0.5
05:00,17,40,35,0,83,0.4
06:00,17,45,32,0,83,0.2
07:00,17,49,31,0,84,0.4
08:00,18,66,31,0,80,0.9
09:00,20,67,36,0,74,0.5
10:00,22,71,45,0,68,0.4
11:00,24,76,45,0,63,0.2
12:00,26,77,49,0,57,0.8
13:00,26,83,54,0,56,1.6
14:00,24,89,58,0,58,2
15:00,24,80,62,0,55,1.5
16:00,23,88,54,0,62,1.6
17:00,21,82,44,0,66,1
18:00,19,80,41,0,72,0.8
19:00,19,79,49,0,73,1
20:00,19,78,53,0,73,1.2
21:00,19,89,48,0,73,0.5
22:00,19,94,51,0,75,0.7
23:00,18,97,51,0,75,1.1
00:00,17,99,59,0,78,1
01:00,17,96,59,0,79,1.1
02:00,16,99,62,0,79,0.8
03:00,16,89,62,0,79,1.6
04:00,16,78,51,0,79,0.4
05:00,16,63,39,0,79,1.5
06:00,16,53,38,0,78,0.9
07:00,16,51,37,0,78,0.8
08:00,17,57,44,0,73,0.8
09:00,19,53,40,0,65,0.7
10:00,22,56,38,0,56,0.6
11:00,23,60,38,0,56,1.7
12:00,24,78,41,0,53,1.2
13:00,24,97,46,0,54,1.6
14:00,24,103,54,0,55,1.9
15:00,24,99,57,0,53,1.1
16:00,23,106,59,0,58,2.1
17:00,21,115,50,0,63,0.8
18:00,19,124,54,0,68,1.1
19:00,18,110,47,0,69,0.7
20:00,18,101,45,0,69,0.6
21:00,18,87,38,0,68,0.4
22:00,17,79,40,0,70,1
23:00,17,67,39,0,71,0.7
00:00,17,70,39,0,74,0.6
01:00,16,72,40,0,75,0.4
02:00,16,70,41,0,75,0.6
03:00,15,61,39,0,76,1.4
04:00,15,53,30,0,76,0.8
05:00,15,42,28,0,75,0.5
06:00,16,40,27,0,74,0.8
07:00,16,33,29,0,73,1.3
08:00,16,38,26,0,71,0.7
09:00,18,44,31,0,68,1
10:00,19,56,26,0,63,0.5
11:00,22,68,35,0,57,0.8
12:00,23,72,38,0,53,1.3
13:00,24,76,48,0,52,1.3
14:00,24,66,46,0,51,1.4
15:00,23,68,37,0,52,1.3
16:00,23,66,30,0,55,1.9
17:00,21,68,30,0,60,1.2
18:00,20,59,32,0,60,0.7
19:00,19,52,37,0,63,1
20:00,18,44,30,0,65,1.3
21:00,18,45,32,0,67,0.6
22:00,18,48,31,0,67,0.5
23:00,18,62,42,0,69,0.4
00:00,18,66,39,0,71,0.6
01:00,17,67,37,0,72,0.4
02:00,17,61,32,0,75,0.3
03:00,17,81,40,0,75,0.6
04:00,17,88,43,0,77,0.5
05:00,17,96,43,0,77,0.1
06:00,17,84,38,0,77,0.5
07:00,17,91,46,0,75,0.5
08:00,18,90,41,0,72,0.4
09:00,20,95,45,0,69,0.6
10:00,20,90,35,0,68,1
11:00,20,82,39,0,71,2
12:00,20,75,30,0,71,1.5
13:00,21,60,39,0,66,0.6
14:00,22,62,28,0,63,1.1
15:00,22,49,28,0,61,0.4
16:00,22,51,20,0,61,0.7
17:00,22,46,26,0,61,0.9
18:00,21,54,27,0,67,1.5
19:00,20,51,30,0,72,1
20:00,19,50,28,0,79,1.5
21:00,18,52,33,0,79,1.4
22:00,19,54,29,0,76,1.2
23:00,18,56,37,0,77,0.3
00:00,18,50,33,0,78,0.5
01:00,18,54,33,0,81,0.6
02:00,17,59,31,0,82,0.4
03:00,17,65,28,0,83,0.5
04:00,17,65,33,0,83,0.2
05:00,17,54,35,0,83,0.2
06:00,17,45,37,0,83,0.1
07:00,17,40,37,0,81,0.3
08:00,18,42,37,0,77,0.3
09:00,20,45,43,0,71,0.3
10:00,22,64,44,0,62,0.9
11:00,25,75,48,0,52,1.7
12:00,26,69,35,0,46,1.8
13:00,26,46,29,0,46,1.8
14:00,25,33,21,0,52,0.9
15:00,24,37,28,0,59,0.6
16:00,22,45,29,0.2,68,0.7
17:00,22,56,38,0,74,0.4
18:00,21,62,44,1,77,0.8
19:00,20,71,54,2,85,0.4
20:00,20,81,57,0.2,86,0.6
21:00,20,80,63,0,84,0.6
22:00,20,77,56,0,84,0.6
23:00,20,59,49,0,84,0.6
00:00,20,49,41,0,82,0.3
01:00,20,31,30,0,83,0.2
02:00,20,28,27,0,83,0.1
03:00,19,24,12,0,84,0.4
04:00,19,23,15,0,84,0.3
05:00,19,18,19,0,86,0.4
06:00,19,24,29,0,87,0.3
07:00,19,31,32,0,86,0.4
08:00,21,34,28,0,79,0.6
09:00,22,33,31,0,74,0.7
10:00,24,33,27,0,69,0.5
11:00,24,36,31,0,68,2.3
12:00,24,36,29,0,68,2.3
13:00,25,37,33,0,63,1.7
14:00,25,42,27,0,65,2.9
15:00,23,35,27,0,71,2.4
16:00,22,39,22,0,74,1.6
17:00,21,32,30,0,76,1.1
18:00,20,40,30,0,80,0.9
19:00,20,38,42,0,81,0.8
20:00,20,52,35,0,82,0.6
21:00,20,53,27,0,82,0.7
22:00,19,59,27,0,83,0.8
23:00,19,62,37,0,84,0.7
00:00,19,72,51,0,86,0.7
01:00,19,78,45,0,87,0.8
02:00,18,75,44,0,88,0.4
03:00,18,75,40,0,88,0.6
04:00,19,67,47,0,87,0.4
05:00,19,57,44,0,85,0.5
06:00,19,52,40,0,85,0.3
07:00,19,54,37,0,85,0.4
08:00,20,65,38,0,82,0.5
09:00,22,69,48,0,78,0.5
10:00,23,87,53,0,76,0.8
11:00,21,97,61,0,79,1.5
12:00,21,106,58,0,81,0.8
13:00,22,95,55,0,79,1.2
14:00,22,73,47,0,77,1.4
15:00,21,53,45,0,79,1.3
16:00,20,51,46,0,82,1.2
17:00,20,56,42,0,83,0.8
18:00,19,62,35,0,87,0.9
19:00,19,49,32,0,87,0.6
20:00,18,45,30,0,88,0.9
21:00,18,38,36,0,88,0.7
22:00,18,40,28,0,85,0.8
23:00,18,36,31,0,85,0.6
00:00,18,31,22,0,83,0.6
01:00,18,27,23,0,83,0.7
02:00,19,22,21,0,83,0.6
03:00,19,28,26,0,85,0.9
04:00,18,44,30,0,91,0.8
05:00,17,45,29,0,96,1
06:00,17,31,24,0,93,1.2
07:00,18,20,15,0.6,86,1.2
08:00,18,22,8,5.2,91,0.7
09:00,19,35,5,0,90,0.6
10:00,22,40,18,0,81,0.4
11:00,23,48,25,0,74,0.6
12:00,26,39,29,0,63,0.4
13:00,27,27,21,0,60,0.7
14:00,26,16,18,0,61,1.8
15:00,23,24,13,0,71,1.9
16:00,22,26,11,0,73,1.5
17:00,21,31,11,0,75,0.8
18:00,21,25,15,0,76,0.6
19:00,21,28,22,0,77,0.4
20:00,20,29,22,0,80,0.5
21:00,20,36,27,0,81,0.5
22:00,19,33,20,0,82,0.4
23:00,19,36,26,0,83,0.4
00:00,19,35,29,0,84,0.4
01:00,18,43,36,0,85,0.4
02:00,18,43,32,0,84,0.6
03:00,18,42,28,0,84,0.7
04:00,18,35,28,0,85,0.7
05:00,18,36,27,0,85,0.7
06:00,19,45,33,0,86,0.7
07:00,19,61,35,0,86,0.5
08:00,19,82,45,0,84,0.7
09:00,20,93,47,0,80,1
10:00,21,99,44,0,79,1
11:00,22,104,41,0,75,0.7
12:00,23,103,48,0,70,0.3
13:00,25,93,43,0,63,1.5
14:00,26,74,40,0,59,1.4
15:00,26,55,33,0,60,0.9
16:00,25,51,36,0,62,0.9
17:00,25,60,44,0,64,0.9
18:00,23,64,36,0,70,1.1
19:00,23,56,33,0,73,0.5
20:00,23,55,30,0,73,0.8
21:00,22,59,32,0,76,0.3
22:00,22,65,32,0,77,0.6
23:00,22,62,29,0,78,0.4
00:00,22,65,38,0,79,0.1
01:00,21,77,41,0,82,0.4
02:00,21,85,46,0,84,0.4
03:00,21,86,46,0,84,0.3
04:00,20,88,53,0,86,0.6
05:00,20,79,48,0,87,0.2
06:00,20,71,55,0,86,0.5
07:00,20,61,51,0,85,0.2
08:00,22,72,54,0,75,0.1
09:00,24,87,46,0,71,0.4
10:00,25,97,28,0,69,0.9
11:00,24,81,27,0,72,1.7
12:00,25,56,36,0,70,1.4
13:00,26,40,33,0,66,1
14:00,25,42,31,0,66,1.9
15:00,24,53,43,0,72,1.7
16:00,22,48,35,0,77,1
17:00,21,42,32,0,81,1.3
18:00,20,38,24,0,85,1.2
19:00,19,43,29,0,85,0.8
20:00,19,38,22,0,83,0.9
21:00,19,33,22,0,81,0.8
22:00,19,31,19,0,81,0.8
23:00,18,34,27,0,84,1
00:00,18,40,32,0,85,1.2
01:00,18,47,30,0,84,0.8
02:00,18,44,21,0,84,1.1
03:00,18,37,14,0,83,0.6
04:00,18,28,19,0,84,1.1
05:00,18,33,21,0,85,1.2
06:00,18,26,18,0,84,1.4
07:00,19,21,19,0,82,1
08:00,20,22,18,0,78,0.8
09:00,21,26,18,0,74,0.9
10:00,22,36,18,0,70,1.3
11:00,24,40,27,0,64,0.9
12:00,25,44,26,0,61,1.8
13:00,25,37,27,0,62,2.2
14:00,23,41,18,0,70,2.8
15:00,22,51,25,0,75,2.1
16:00,21,59,25,0,79,2.5
17:00,20,54,27,0,83,0.8
18:00,18,44,20,0,86,1.3
19:00,18,30,14,0,84,0.9
20:00,18,24,19,0,83,1.3
21:00,18,16,12,0,81,1.5
22:00,18,12,13,0,81,1.1
23:00,18,5,6,0,81,0.9
00:00,18,3,9,0,82,1
01:00,18,8,9,0,82,0.6
02:00,18,10,13,0,82,0.8
03:00,18,12,11,0,84,1.3
04:00,18,18,9,0,84,0.7
05:00,18,22,6,0,83,0.6
06:00,17,21,10,0,84,0.7
07:00,18,20,9,0,85,1.3
08:00,19,21,9,0,79,0.5
09:00,21,29,14,0,71,0.7
10:00,24,33,24,0,65,0.2
11:00,26,46,35,0,57,0.7
12:00,27,51,36,0,55,0.8
13:00,27,54,32,0,57,1.8
14:00,28,46,28,0,51,1.5
15:00,27,36,18,0,52,1.3
16:00,25,32,18,0,61,1.4
17:00,23,35,10,0,67,1.2
18:00,20,45,19,0,78,1
19:00,19,47,20,0,82,0.8
20:00,18,47,25,0,84,0.9
21:00,18,42,20,0,84,0.7
22:00,19,41,26,0,83,0.5
23:00,19,35,28,0,82,1
00:00,19,31,37,0,82,0.6
01:00,19,27,30,0,82,0.8
02:00,19,23,25,0,81,0.7
03:00,18,24,22,0,83,1.2
04:00,18,20,26,0,84,0.9
05:00,17,25,16,0,83,0.7
06:00,17,22,12,0,82,0.7
07:00,17,25,7,0,82,1.4
08:00,17,24,18,0,76,1.1
09:00,19,29,15,0,69,0.9
10:00,21,29,14,0,62,1
11:00,20,34,9,0,62,1.3
12:00,21,35,8,0,58,1
13:00,21,38,12,0,57,1.3
14:00,21,35,10,0,57,2.1
15:00,19,33,18,0,59,1.6
16:00,17,45,11,0,61,1.1
17:00,16,40,11,0,65,1.1
18:00,15,40,8,0,67,1
19:00,14,25,15,0,69,1.1
20:00,14,29,14,0,70,0.7
21:00,14,23,12,0,70,0.5
22:00,15,15,6,0,69,0.8
23:00,14,9,7,0,70,1
00:00,14,9,8,0,70,0.6
01:00,14,22,6,0,70,0.7
02:00,14,27,8,0,70,1
03:00,14,36,6,0,70,1
04:00,14,30,12,0,70,0.9
05:00,14,25,15,0,71,0.5
06:00,14,12,21,0,73,0.5
07:00,14,16,18,0,72,0.8
08:00,15,24,19,0,71,1
09:00,16,34,20,0,69,0.3
10:00,17,46,25,0,67,0.8
11:00,18,50,25,0,63,0.5
12:00,19,64,30,0,61,0.8
13:00,20,68,32,0,61,0.2
14:00,21,85,40,0,60,0.8
15:00,21,94,50,0,59,0.6
16:00,21,102,53,0,61,0.9
17:00,20,100,57,0,63,0.9
18:00,19,102,51,0,66,1.2
19:00,19,104,49,0,68,0.6
20:00,18,106,46,0,71,0.6
21:00,17,98,43,0,72,1.4
22:00,18,87,45,0,72,0.7
23:00,18,79,47,0,71,0.5
00:00,18,81,53,0,71,0.4
01:00,19,87,53,0,69,0.5
02:00,19,92,49,0,72,0.5
03:00,18,89,55,0,74,0.4
04:00,18,98,50,0,75,0.7
05:00,18,103,49,0,77,0.4
06:00,18,98,50,0,78,0.3
07:00,19,94,56,0,74,0.3
08:00,21,89,65,0,67,0.7
09:00,23,105,61,0,60,1.1
10:00,26,82,47,0,53,1.2
11:00,27,63,32,0,49,1.5
12:00,29,38,13,0,43,1.8
13:00,29,41,24,0,45,1.6
14:00,27,74,32,0,55,2.3
15:00,26,86,49,0,57,1.7
16:00,26,94,46,0,58,1.9
17:00,23,82,49,0,68,1.1
18:00,22,92,49,0,74,0.7
19:00,21,106,61,0,74,0.6
20:00,21,114,62,0,74,0.7
21:00,20,113,68,0,77,1.4
22:00,19,107,73,0,78,0.7
23:00,19,99,79,0,78,0.7
00:00,18,103,72,0,80,0.7
01:00,17,84,57,0,80,0.6
02:00,17,60,32,0,80,0.9
03:00,16,46,22,0,78,0.9
04:00,16,38,11,0,75,1
05:00,16,41,13,0,74,0.8
06:00,16,32,18,0,74,0.7
07:00,16,41,22,0,73,0.6
08:00,16,53,37,0,71,0.8
09:00,17,56,30,0,68,0.6
10:00,18,44,30,0,64,0.6
11:00,19,31,29,0,63,0.9
12:00,19,31,33,0,64,0.9
13:00,19,34,26,0,65,1.2
14:00,19,38,27,0,65,1.2
15:00,19,39,25,0,64,0.9
16:00,18,37,24,0,69,1.3
17:00,17,34,26,0,70,1.4
18:00,17,35,26,0,72,0.8
19:00,17,31,24,0,73,1
20:00,16,22,23,0,74,1
21:00,16,20,23,0,77,1.2
22:00,16,20,23,0,77,0.7
23:00,16,25,14,0,79,0.8
00:00,16,16,15,0,80,0.6
01:00,16,20,12,0,80,0.6
02:00,15,21,13,0,81,0.5
03:00,15,29,12,0,82,0.6
04:00,15,21,16,0,82,0.6
05:00,15,19,15,0,81,0.8
06:00,15,13,10,0,82,0.7
07:00,16,25,14,0,80,0.2
08:00,18,35,28,0,73,0.7
09:00,19,48,36,0,69,1.5
10:00,21,49,36,0,64,1
11:00,21,57,24,0,64,1.5
12:00,21,63,30,0,66,1.9
13:00,21,65,26,0,66,1
14:00,21,59,30,0,65,1.8
15:00,20,56,26,0,66,0.9
16:00,20,58,29,0,67,0.8
17:00,20,62,30,0,70,1
18:00,19,62,23,0,75,1
19:00,18,64,27,0,76,1
20:00,18,66,29,0,78,1.4
21:00,18,63,36,0,78,0.8
22:00,18,53,35,0,80,0.8
23:00,17,45,26,0,85,0.7
00:00,17,41,30,0,85,0.8
01:00,17,45,24,0,84,0.7
02:00,17,38,26,0,83,0.6
03:00,17,29,24,0,83,1.2
04:00,17,16,27,0,86,0.8
05:00,16,13,25,0,86,0.8
06:00,16,11,12,0,85,1.3
07:00,16,15,6,0,81,1.2
08:00,17,20,9,0,78,0.8
09:00,18,30,13,0,78,1.2
10:00,19,40,16,0,74,0.4
11:00,21,46,19,0,67,0.7
12:00,22,48,22,0,64,1
13:00,22,47,25,0,63,1.3
14:00,22,44,21,0,62,1.2
15:00,23,47,26,0,62,1
16:00,22,50,24,0,64,2.2
17:00,20,58,27,0,71,2.3
18:00,18,53,25,0,75,1.2
19:00,18,51,28,0,77,0.7
20:00,18,51,32,0,76,0.7
21:00,18,52,29,0,76,0.7
22:00,18,46,29,0,76,0.7
23:00,18,40,28,0,76,1
00:00,18,38,26,0,76,0.7
01:00,18,41,26,0,76,0.6
02:00,18,38,24,0,77,0.8
03:00,18,41,29,0,79,0.5
04:00,17,37,24,0,80,0.8
05:00,17,38,22,0,81,1.3
06:00,17,28,21,0,80,0.6
07:00,17,29,20,0,80,0.7
08:00,18,25,21,0,78,0.6
09:00,19,28,29,0,74,1
10:00,20,30,29,0,69,1.2
11:00,21,40,28,0,66,0.8
12:00,23,43,24,0,61,0.8
13:00,23,50,25,0,61,1.7
14:00,23,48,30,0,63,1.6
15:00,22,54,29,0,63,1.7
16:00,21,55,26,0,68,1.3
17:00,21,58,22,0,71,1
18:00,20,59,21,0,73,0.7
19:00,19,62,29,0,75,0.8
20:00,19,67,36,0,76,0.7
21:00,18,63,37,0,78,0.8
22:00,18,55,29,0,79,0.9
23:00,18,41,23,0,78,0.6
00:00,18,38,24,0,79,0.7
01:00,17,36,27,0,80,0.6
02:00,17,47,29,0,80,0.9
03:00,17,48,28,0,81,0.7
04:00,17,46,24,0,82,0.5
05:00,17,28,16,0,82,1.5
06:00,17,21,18,0,82,1.1
07:00,18,20,16,0,80,0.7
08:00,19,31,21,0,75,0.3
09:00,21,40,16,0,69,0.5
10:00,23,46,19,0,65,0.5
11:00,25,48,22,0,59,0.4
12:00,26,52,33,0,57,1.6
13:00,22,59,38,0,70,3.2
14:00,19,67,35,0,78,1.5
15:00,19,73,28,0,78,1.8
16:00,19,69,26,0,79,1
17:00,19,64,33,0,79,0.9
18:00,19,52,31,0,79,0.5
19:00,20,47,31,0,77,0.3
20:00,21,43,31,0,72,0.7
21:00,21,50,33,0,75,0.9
22:00,20,64,41,0,78,0.5
23:00,21,77,42,0,76,0.5
00:00,21,78,37,0,75,0.5
01:00,21,61,36,0,74,0.2
02:00,21,50,30,0,76,0.3
03:00,20,43,37,0,79,0.4
04:00,20,56,37,0,80,0.2
05:00,20,68,38,0,80,0.4
06:00,20,81,41,0,79,0.9
07:00,20,78,37,0,81,0.9
08:00,22,68,37,0,74,1
09:00,22,69,35,0,73,1.3
10:00,23,77,33,0,68,1.3
11:00,23,81,37,0,67,1
12:00,23,70,31,0,62,1.4
13:00,23,60,28,0,57,1.3
14:00,23,46,24,0,56,1.5
15:00,22,45,20,0,55,1.1
16:00,21,41,21,0,56,1.3
17:00,19,55,21,0,59,1.3
18:00,17,48,30,0,61,1
19:00,16,47,28,0,64,0.8
20:00,16,35,20,0,67,0.8
21:00,16,26,13,0,67,0.7
22:00,16,23,16,0,66,1.2
23:00,16,21,22,0,66,1.2
00:00,15,25,21,0,67,2.2
01:00,15,16,15,0,68,0.7
02:00,15,17,18,0,68,0.6
03:00,15,23,16,0,67,1.7
04:00,16,28,15,0,67,0.9
05:00,15,38,12,0,69,1
06:00,15,36,14,0.2,76,0.9
07:00,14,40,23,0.2,79,1.1
08:00,15,30,24,0.2,82,0.9
09:00,15,38,27,0,82,0.5
10:00,15,32,22,0,80,0.7
11:00,16,33,24,0,78,1.2
12:00,17,24,22,0,71,1.4
13:00,18,27,29,0,69,0.9
14:00,18,33,33,0,66,0.9
15:00,17,48,32,0,66,1
16:00,17,62,29,0,67,1.1
17:00,16,61,26,0,70,0.8
18:00,15,55,32,0,73,0.9
19:00,15,44,26,0,73,0.9
20:00,14,46,24,0,77,1.1
21:00,14,33,16,0.2,82,0.8
22:00,14,19,16,0,85,0.5
23:00,13,3,9,0,84,1
00:00,13,6,8,0,84,0.7
01:00,13,5,6,0,85,0.9
02:00,13,9,12,0,84,0.8
03:00,13,6,7,0,84,0.7
04:00,13,6,8,0,84,0.9
05:00,13,10,5,0,83,1.1
06:00,13,16,9,0,82,1
07:00,13,25,14,0,82,0.9
08:00,14,26,18,0,83,0.5
09:00,15,35,19,0,80,0.7
10:00,15,42,21,0,79,1
11:00,15,47,23,0,77,0.8
12:00,15,44,15,0,76,0.9
13:00,15,42,19,0,76,0.7
14:00,15,42,18,0,79,1
15:00,15,41,16,0,79,0.8
16:00,15,42,16,0,80,0.9
17:00,14,31,14,0,82,1
18:00,14,28,14,0,83,1.1
19:00,15,24,18,0.2,84,0.7
20:00,15,26,13,0,84,0.4
21:00,14,25,13,0,85,0.8
22:00,14,23,13,0.2,87,0.8
23:00,14,25,14,1.2,90,0.7
00:00,14,17,8,0,91,0.5
01:00,14,12,9,0,90,0.7
02:00,14,7,8,0.2,90,0.8
03:00,14,11,11,0.2,91,0.7
04:00,14,7,6,0.8,91,1
05:00,14,6,4,0.8,92,0.6
06:00,14,10,0,0,92,0.5
07:00,14,11,6,0,91,0.8
08:00,14,9,8,0,88,0.9
09:00,15,7,14,0,84,0.9
10:00,15,17,12,0,82,1.7
11:00,16,31,15,0,78,0.7
12:00,16,36,18,0,77,0.9
13:00,16,38,19,0,77,0.9
14:00,17,40,20,0,75,1.1
15:00,17,42,13,0,75,1.1
16:00,16,41,18,0,75,0.9
17:00,16,33,16,0,76,0.8
18:00,15,30,19,0,78,0.7
19:00,15,31,23,0,80,0.7
20:00,14,33,21,0,82,0.5
21:00,14,37,28,0,83,0.6
22:00,14,35,24,0,84,0.6
23:00,14,37,29,0,84,0.5
00:00,14,36,24,0,85,0.5
01:00,14,35,26,0,85,0.5
02:00,14,36,27,0,83,0.4
03:00,15,33,31,0,83,0.5
04:00,15,35,35,0,83,0.6
05:00,15,32,31,0,84,0.4
06:00,15,33,26,0,85,0.3
07:00,15,33,24,0,84,0.4
08:00,17,39,31,0,79,0.3
09:00,20,54,43,0,71,0.1
10:00,21,68,46,0,66,1
11:00,23,75,44,0,62,1.4
12:00,24,74,42,0,58,0.7
13:00,24,70,43,0,58,0.7
14:00,24,64,43,0,62,2.2
15:00,23,68,44,0,66,1.8
16:00,21,69,42,0,70,0.8
17:00,21,84,42,0,73,0.7
18:00,20,86,37,0,76,1.3
19:00,20,92,40,0,79,0.4
20:00,20,89,43,0,80,0.4
21:00,19,84,56,0,81,0.9
22:00,19,85,51,0,83,0.4
23:00,19,86,57,0,85,0.5
00:00,19,99,58,0,85,0.3
01:00,18,99,67,0,86,0.2
02:00,18,109,64,0,87,0.2
03:00,18,118,72,0,85,0.6
04:00,18,121,75,0,86,0.6
05:00,18,119,73,0,88,0.9
06:00,18,108,65,0,89,0.3
07:00,19,112,62,0,86,0.3
08:00,20,124,69,0,79,0.7
09:00,22,131,69,0,71,0.5
10:00,24,136,68,0,64,0.8
11:00,25,122,64,0,57,1.4
12:00,26,124,77,0,59,1.6
13:00,25,126,75,0,61,1.6
14:00,26,119,64,0,53,1.2
15:00,26,103,46,0,57,1.8
16:00,24,96,44,0,62,1.6
17:00,23,98,48,0,64,1.1
18:00,23,90,47,0,62,0.5
19:00,23,79,44,0,65,0.5
20:00,23,81,47,0,66,0.2
21:00,22,92,54,0,72,0.6
22:00,21,95,59,0,76,0.4
23:00,21,97,60,0,76,0.4
00:00,21,92,59,0,74,0.5
01:00,21,91,61,0,74,0.6
02:00,21,88,65,0,75,0.3
03:00,20,89,61,0,78,0.2
04:00,20,81,62,0,79,0.3
05:00,20,73,58,0,79,0.4
06:00,20,72,63,0,83,0.1
07:00,20,75,58,0,78,0.5
08:00,22,74,53,0,70,0.4
09:00,25,64,45,0,60,0.4
10:00,27,53,44,0,53,0.8
11:00,29,45,43,0,49,1.5
12:00,29,48,35,0,50,1.5
13:00,29,57,32,0,51,1.5
14:00,28,67,39,0,57,2.3
15:00,26,71,45,0,63,2
16:00,26,64,44,0,65,1.4
17:00,25,65,36,0,68,0.5
18:00,25,61,32,0,70,0.5
19:00,25,70,35,0,70,0.2
20:00,25,65,36,0,71,0.2
21:00,25,67,35,0,71,0.2
22:00,25,70,37,0,73,0.7
23:00,24,79,42,0,74,0.4
00:00,24,80,47,0,74,0.5
01:00,23,77,47,0,77,0.4
02:00,23,69,47,0,80,0.5
03:00,23,70,44,0,80,0.1
04:00,22,66,47,0,81,0.8
05:00,22,74,56,0,85,0.5
06:00,22,77,64,0,86,0.4
07:00,22,89,68,0,83,0.4
08:00,22,93,69,0.6,87,0.4
09:00,23,95,75,0.2,85,0.5
10:00,24,86,65,0,80,0.7
11:00,26,78,58,0,75,0.9
12:00,27,79,50,0,70,1.4
13:00,27,89,59,0,67,1.5
14:00,27,98,60,0,67,1.6
15:00,27,103,61,0,67,1.4
16:00,27,100,60,0,71,1.2
17:00,26,102,58,0,75,1.1
18:00,25,94,47,0,79,1
19:00,24,90,37,0,81,0.8
20:00,24,74,30,0,81,0.3
21:00,24,53,29,0,82,0.7
22:00,24,40,28,0,83,0.6
23:00,24,40,30,0,82,0.5
00:00,24,48,28,0,83,0.6
01:00,24,50,27,0,83,0.5
02:00,24,42,22,0,83,0.5
03:00,24,37,19,0,82,0.6
04:00,24,35,18,0,83,0.4
05:00,24,41,24,0,85,0.2
06:00,23,43,26,0,87,0.1
07:00,24,42,25,0,85,0.4
08:00,25,47,26,0,80,0.7
09:00,26,58,27,0,73,0.8
10:00,27,68,32,0,68,1
11:00,28,72,36,0,63,1.5
12:00,29,65,42,0,59,1.8
13:00,29,65,40,0,65,2.1
14:00,27,66,32,0,73,2
15:00,26,66,24,0,78,1.7
16:00,26,65,22,0,76,1.3
17:00,26,64,25,0,76,1.6
18:00,25,69,36,0,80,1.4
19:00,25,71,36,0,82,1
20:00,25,72,29,0,81,1.4
21:00,25,55,25,0,79,1.8
22:00,25,50,25,0,78,1.7
23:00,24,37,18,0,78,1.9
00:00,24,40,16,0,78,1.2
01:00,24,40,7,0,78,1.3
02:00,24,40,6,0,77,0.9
03:00,23,35,10,0,77,0.8
04:00,23,36,8,0,78,0.7
05:00,23,40,13,0,78,0.9
06:00,23,47,9,0,79,0.6
07:00,24,53,24,0,77,1.6
08:00,25,58,24,0,72,1.8
09:00,26,57,22,0,64,2
10:00,28,52,16,0,57,2
11:00,29,52,19,0,51,2.1
12:00,30,55,26,0,44,2.6
13:00,31,61,28,0,43,2.3
14:00,30,83,28,0,49,2.1
15:00,29,87,29,0,55,2.2
16:00,27,85,33,0,63,2.3
17:00,26,72,26,0,68,1.5
18:00,25,69,24,0,70,1.5
19:00,25,69,20,0,74,2.4
20:00,24,59,25,0,77,1.8
21:00,24,49,21,0,78,2.1
22:00,24,44,21,0,77,2.5
23:00,24,42,15,0,77,1.5
00:00,24,43,20,0,77,1.2
01:00,24,44,16,0,77,1
02:00,23,44,22,0,78,1.1
03:00,23,51,20,0,81,0.7
04:00,23,55,21,0,80,0.8
05:00,23,52,23,0,79,0.4
06:00,22,43,25,0,81,0.6
07:00,23,39,25,0,78,0.7
08:00,25,49,32,0,69,0.8
09:00,28,58,29,0,54,0.7
10:00,31,61,26,0,41,0.8
11:00,32,56,25,0,38,1.4
12:00,29,71,33,0,58,3.1
13:00,29,80,38,0,62,2
14:00,28,80,30,0,64,1.5
15:00,28,56,26,0,55,1.3
16:00,27,37,26,0,58,1.1
17:00,26,40,25,0,65,0.9
18:00,25,43,26,0,67,0.7
19:00,25,43,29,0,72,0.8
20:00,24,46,32,0,75,1.2
21:00,24,40,32,0,72,0.7
22:00,22,48,36,0,84,0.7
23:00,22,46,41,0,86,0.7
00:00,23,62,47,0,84,0.8
01:00,23,73,49,0,84,0.9
02:00,23,79,57,0,83,0.6
03:00,23,80,51,0,79,0.5
04:00,23,81,55,0,78,0.7
05:00,22,77,44,0,81,0.5
06:00,22,80,49,0,84,0.7
07:00,22,69,44,0,86,1.1
08:00,23,68,44,0,83,0.8
09:00,24,66,45,0,76,0.1
10:00,26,72,47,0,67,1.1
11:00,27,79,53,0,63,1.6
12:00,27,95,60,0,65,1.3
13:00,25,102,75,0,73,1.2
14:00,24,116,82,0,76,2
15:00,23,112,78,0,81,1.7
16:00,22,122,75,0,83,1.1
17:00,22,123,76,0,81,0.8
18:00,22,128,76,0,82,1
19:00,22,128,72,0,82,1
20:00,22,119,71,0,82,0.4
21:00,22,113,73,0,82,0.4
22:00,22,108,74,0,83,1
23:00,21,110,75,0,85,0.8
00:00,21,100,68,0,85,0.4
01:00,20,85,57,0,88,1.7
02:00,20,67,42,0,90,1
03:00,21,53,43,0,88,0.5
04:00,21,46,43,0,85,1.5
05:00,21,38,37,0,83,1.2
06:00,21,34,31,0,83,0.5
07:00,22,37,31,0,81,0.8
08:00,23,51,40,0,77,0.9
09:00,23,69,45,0,78,1.1
10:00,24,68,45,0,73,1.4
11:00,24,61,46,0,69,1.4
12:00,24,55,40,0,70,1.4
13:00,24,54,38,0,70,1.8
14:00,26,52,33,0,65,1
15:00,25,55,40,0,67,1.7
16:00,24,64,55,0,70,1.8
17:00,23,76,59,0,74,1
18:00,22,77,59,0,78,1.4
19:00,21,75,49,0,80,1.1
20:00,21,65,43,0,79,0.9
21:00,21,64,40,0,79,1.1
22:00,21,53,29,0,79,1
23:00,21,41,31,0,78,1
00:00,21,32,24,0,77,0.8
01:00,19,33,24,0,80,1
02:00,19,33,23,0,80,0.5
03:00,19,23,16,0,79,1.5
04:00,19,25,16,0,79,0.8
05:00,19,17,11,0,78,0.7
06:00,19,17,14,0,78,0.8
07:00,20,16,6,0,77,0.7
08:00,20,14,10,0,75,0.8
09:00,21,20,13,0,72,0.6
10:00,23,27,22,0,68,1
11:00,25,40,29,0,61,1
12:00,26,54,36,0,57,1.6
13:00,27,65,41,0,55,0.9
14:00,26,77,41,0,54,1
15:00,25,84,41,0,54,1.5
16:00,24,87,49,0,57,1.1
17:00,23,83,47,0,60,0.9
18:00,22,84,53,0,62,1.2
19:00,21,91,45,0,63,1.2
20:00,20,84,51,0,64,1
21:00,20,84,47,0,64,0.8
22:00,20,76,47,0,65,0.7
23:00,20,77,46,0,66,1.1
00:00,20,73,46,0,67,0.6
01:00,20,73,48,0,67,0.7
02:00,20,74,48,0,67,0.5
03:00,20,74,45,0,67,0.7
04:00,20,71,51,0,68,0.5
05:00,20,70,51,0,67,0.2
06:00,20,75,55,0,68,0.2
07:00,21,86,53,0,67,0.9
08:00,21,101,58,0,67,0.4
09:00,21,117,65,0,68,0.8
10:00,22,138,76,0,66,0.1
11:00,23,156,90,0,64,1
12:00,21,138,78,0,74,1.4
13:00,18,95,57,0,82,1
14:00,17,46,27,0,79,0.9
15:00,18,28,15,0,73,2.3
16:00,17,21,6,0.8,78,1.2
17:00,16,19,8,2.6,87,0.6
18:00,16,15,12,1.4,89,0.8
19:00,16,15,14,0,88,1
20:00,16,15,9,0,86,0.7
21:00,16,22,16,0.2,87,0.8
22:00,16,23,20,0,87,0.9
23:00,16,23,23,0,85,1.9
00:00,17,14,16,0,83,2.5
01:00,17,8,10,0,82,0.6
02:00,17,5,11,0,83,0.7
03:00,17,5,13,0,82,0.7
04:00,17,9,13,0,83,0.8
05:00,17,10,12,0,82,1.6
06:00,18,15,11,0,81,0.6
07:00,18,15,11,0,79,0.5
08:00,20,20,3,0,74,1.1
09:00,21,17,10,0,70,1.3
10:00,22,21,9,0,64,1.1
11:00,24,22,15,0,58,0.9
12:00,24,28,15,0,57,1.5
13:00,24,33,19,0,56,1.2
14:00,24,42,19,0,56,1.2
15:00,24,45,18,0,57,2.4
16:00,23,43,13,0,58,1.5
17:00,21,30,11,0,62,1.1
18:00,20,24,13,0,65,1.1
19:00,19,13,6,0,67,1.3
20:00,19,17,10,0,68,0.6
21:00,18,13,5,0,70,0.8
22:00,17,12,5,2.8,77,0.7
23:00,16,3,5,0.8,85,0.8
00:00,17,3,3,0,86,0.4
01:00,17,12,6,0,86,0.6
02:00,17,15,4,0,85,1.3
03:00,17,18,13,0,84,0.6
04:00,17,9,11,0,84,0.9
05:00,18,18,12,0,83,0.4
06:00,18,21,8,0,84,0.9
07:00,17,25,11,0,84,0.9
08:00,18,24,14,0,81,0.8
09:00,19,31,19,0,78,1
10:00,19,32,21,0,77,1.3
11:00,19,26,16,0,77,0.9
12:00,18,23,19,0,78,1
13:00,18,21,23,0,78,1.3
14:00,17,26,20,0,78,1.7
15:00,17,31,16,0,79,1
16:00,17,18,9,0,79,0.8
17:00,17,20,11,0,79,1.2
18:00,16,23,12,0,82,1
19:00,16,30,12,0,83,0.7
20:00,16,27,12,0,83,0.6
21:00,16,20,8,0,83,0.8
22:00,16,15,11,0,83,1.1
23:00,16,16,9,0,85,0.7
00:00,16,19,11,0.4,86,0.7
01:00,16,28,11,1.6,91,0.7
02:00,16,25,12,1,92,0.9
03:00,16,21,9,2.6,93,0.3
04:00,16,9,14,1,92,0.9
05:00,17,10,12,0.2,89,0.8
06:00,18,9,14,0,86,0.6
07:00,18,13,15,0.2,85,0.4
08:00,18,17,18,0.6,88,0.2
09:00,19,25,12,0,84,0.8
10:00,20,34,16,0,79,1
11:00,21,32,18,0,75,0.8
12:00,22,31,19,0,71,0.8
13:00,22,24,12,0,71,1
14:00,22,21,8,0,69,1.3
15:00,22,28,3,0,72,1
16:00,21,37,7,0,73,0.8
17:00,21,34,8,0,76,0.8
18:00,20,24,13,0,79,1.1
19:00,20,20,19,0,82,1.1
20:00,19,23,20,0,84,0.5
21:00,19,25,24,0,86,0.5
22:00,19,16,22,0,85,0.6
23:00,19,20,19,0,86,0.5
00:00,19,30,22,0,86,0.6
01:00,19,43,27,0,86,0.6
02:00,19,41,26,0,88,0.5
03:00,18,38,21,0,92,0.9
04:00,18,36,20,0,95,0.8
05:00,18,40,28,0,95,0.6
06:00,18,38,27,0,93,0.6
07:00,19,31,28,0,91,0.7
08:00,19,32,21,0,89,0.7
09:00,19,37,24,0.8,90,0.8
10:00,20,40,21,0,91,0.7
11:00,20,44,24,0.4,89,0.5
12:00,21,36,24,0,84,0.6
13:00,22,28,26,0,78,1.1
14:00,23,22,15,0,75,0.7
15:00,23,19,19,0,73,1.1
16:00,22,24,14,0,74,1.7
17:00,21,20,18,0,79,1.1
18:00,20,27,22,0,82,0.7
19:00,19,27,23,0,83,0.8
20:00,19,28,18,0,83,0.8
21:00,19,26,14,0,82,0.9
22:00,20,22,18,0,79,0.6
23:00,19,15,16,0,79,0.9
00:00,18,15,14,0,80,0.5
01:00,18,13,11,0,78,0.8
02:00,18,16,7,0,76,1.1
03:00,17,7,0,0,76,1
04:00,16,13,3,0,77,0.5
05:00,16,10,7,0,78,0.9
06:00,17,10,11,0,77,0.8
07:00,17,4,11,0,74,0.9
08:00,20,5,12,0,65,0.6
09:00,22,13,15,0,58,0.9
10:00,24,16,14,0,50,1.1
11:00,25,29,14,0,44,1.1
12:00,25,26,15,0,45,2.3
13:00,25,37,15,0,48,1.6
14:00,26,40,24,0,48,1.8
15:00,25,53,20,0,50,1.2
16:00,25,56,25,0,48,1.5
17:00,25,58,23,0,44,1
18:00,22,62,31,0,62,0.8
19:00,22,64,38,0,65,1.3
20:00,21,64,39,0,67,0.5
21:00,21,71,47,0,68,0.3
22:00,21,78,47,0,70,0.2
23:00,21,87,51,0,72,0.5
00:00,20,87,50,0,71,0.6
01:00,20,81,54,0,72,0.4
02:00,20,76,51,0,74,0.5
03:00,19,71,48,0,77,0.4
04:00,19,70,44,0,77,0.2
05:00,19,65,42,0,78,0.5
06:00,19,54,36,0,74,0.5
07:00,20,55,35,0,72,0.5
08:00,22,60,43,0,67,0.9
09:00,24,75,51,0,62,1.1
10:00,26,91,62,0,57,0.8
11:00,27,102,54,0,50,0.8
12:00,28,109,55,0,46,1
13:00,28,109,61,0,51,2.5
14:00,27,100,57,0,49,2.2
15:00,26,87,56,0,52,1.6
16:00,26,68,41,0,55,1
17:00,24,55,40,0,55,1.2
18:00,23,45,29,0,63,0.7
19:00,23,45,23,0,69,0.6
20:00,23,47,25,0,72,0.5
21:00,23,59,31,0,73,0.2
22:00,22,62,35,0,74,1
23:00,22,76,42,0,71,0.5
00:00,21,88,45,0,72,0.6
01:00,21,90,59,0,74,0.4
02:00,21,91,59,0,75,0.1
03:00,21,86,69,0,76,0.5
04:00,21,87,61,0,76,0.3
05:00,21,89,68,0,76,0.3
06:00,21,92,57,0,75,0.2
07:00,22,99,63,0,72,0.2
08:00,24,103,61,0,66,0.6
09:00,26,104,71,0,56,0.5
10:00,28,91,59,0,50,0.2
11:00,29,73,48,0,48,0.9
12:00,30,53,39,0,47,1.4
13:00,29,45,33,0,49,1.3
14:00,30,43,29,0,49,1.4
15:00,29,43,25,0,51,1.8
16:00,28,53,27,0,55,1.4
17:00,27,51,27,0,57,0.9
18:00,27,50,25,0,60,0.7
19:00,26,51,28,0,63,0.7
20:00,25,60,30,0,65,0.5
21:00,25,73,33,0,66,0.6
22:00,25,87,31,0,68,0.5
23:00,24,91,41,0,69,0.3
00:00,24,91,47,0,70,0.4
01:00,24,78,48,0,72,0.2
02:00,24,75,41,0,74,0.3
03:00,24,65,37,0,75,0.2
04:00,24,61,42,0,74,0.5
05:00,24,56,44,0,75,0.3
06:00,24,68,51,0,76,0.7
07:00,24,67,45,0,73,0.6
08:00,26,69,46,0,69,0.4
09:00,28,58,38,0,65,0.9
10:00,29,62,39,0,58,1.2
11:00,30,58,35,0,55,1.1
12:00,31,66,41,0,55,1.6
13:00,30,69,40,0,57,1.6
14:00,30,82,45,0,59,1.6
15:00,29,78,46,0,64,2
16:00,29,72,40,0,67,2.2
17:00,28,65,30,0,69,1.1
18:00,27,59,19,0,70,1.5
19:00,27,53,20,0,71,1.4
20:00,26,36,18,0,74,1.7
21:00,26,28,14,0,76,1.7
22:00,26,28,13,0,77,1.3
23:00,26,32,11,0,78,1.2
00:00,25,33,8,0,79,0.9
01:00,25,31,14,0,81,1.2
02:00,25,33,18,0,82,0.9
03:00,25,46,22,0,83,1.4
04:00,24,57,24,0,84,1.1
05:00,24,58,26,0,85,1
06:00,24,52,25,0,83,1.1
07:00,25,53,23,0,80,1
08:00,27,55,25,0,71,1.1
09:00,29,54,27,0,64,1.1
10:00,31,55,31,0,52,1.5
11:00,32,62,37,0,48,1.9
12:00,32,64,29,0,55,2.3
13:00,31,59,24,0,54,1.9
14:00,31,52,23,0,55,2.5
15:00,29,51,27,0,63,2.5
16:00,28,49,29,0,68,1.4
17:00,27,44,22,0,71,1.4
18:00,26,38,21,0,75,1.2
19:00,26,45,22,0,79,1.1
20:00,25,51,30,0,82,1.3
21:00,25,51,28,0,82,1.3
22:00,25,42,28,0,82,1.8
23:00,25,42,23,0,83,2
00:00,25,42,22,0,83,1.8
01:00,25,41,23,0,84,1.5
02:00,24,41,21,0,85,1.1
03:00,24,45,19,0,86,1.5
04:00,24,48,21,0,87,1.3
05:00,24,43,20,0,88,0.8
06:00,24,37,29,0,88,0.7
07:00,24,37,30,0,85,1.1
08:00,25,40,30,0,78,1.2
09:00,28,53,29,0,67,1.7
10:00,29,59,29,0,62,1.8
11:00,31,59,37,0,55,2.1
12:00,31,50,41,0,54,1.8
13:00,32,48,31,0,59,2.5
14:00,31,52,25,0,62,2.3
15:00,30,53,16,0,63,2.3
16:00,29,54,22,0,66,2
17:00,28,50,23,0,72,2
18:00,27,50,21,0,77,1.5
19:00,26,41,16,0,77,1.5
20:00,26,36,12,0,78,3
21:00,26,31,10,0,79,2.1
22:00,26,32,14,0,80,2.4
23:00,25,32,13,0,82,2.3
00:00,25,36,15,0,82,2.7
01:00,25,32,14,0,82,1.8
02:00,24,32,12,0,83,1.2
03:00,24,26,15,0,85,1.5
04:00,24,30,13,0,85,1.1
05:00,23,26,15,0,85,0.8
06:00,24,31,13,0,80,1.1
07:00,25,31,10,0,72,1.4
08:00,27,34,18,0,64,1.5
09:00,29,38,22,0,58,2
10:00,30,40,25,0,54,1.8
11:00,31,43,19,0,51,1.5
12:00,32,46,18,0,52,1.7
13:00,32,52,25,0,54,2.1
14:00,32,55,25,0,54,2.9
15:00,31,51,20,0,56,2.5
16:00,30,43,16,0,58,1.9
17:00,29,46,13,0,62,1.1
18:00,28,49,18,0,69,1.3
19:00,27,56,21,0,72,1.7
20:00,27,58,26,0,74,1.8
21:00,26,53,27,0,73,1.3
22:00,25,47,24,0,81,1
23:00,25,50,24,0,84,1.1
00:00,25,51,21,0,85,1.5
01:00,25,52,24,0,82,1.8
02:00,25,43,27,0,82,1.5
03:00,25,49,36,0,81,1.3
04:00,24,50,27,0,81,1.5
05:00,24,62,33,0,83,1.1
06:00,24,68,26,0,84,0.7
07:00,25,71,40,0,78,1
08:00,26,63,33,0,70,1.7
09:00,28,54,40,0,64,1.2
10:00,30,51,30,0,56,1.4
11:00,31,56,37,0,50,1.5
12:00,32,49,44,0,45,1.6
13:00,32,52,43,0,49,1.9
14:00,32,49,36,0,50,2.2
15:00,31,50,24,0,52,2.2
16:00,30,43,21,0,57,2
17:00,29,30,22,0,62,1.7
18:00,28,27,28,0,66,1.4
19:00,27,30,30,0,70,1
20:00,27,38,27,0,72,1
21:00,27,51,21,0,72,1.1
22:00,26,54,23,0,71,0.8
23:00,26,55,26,0,70,0.9
00:00,26,41,24,0,72,0.5
01:00,26,27,25,0,73,0.5
02:00,25,20,22,0,74,0.6
03:00,25,20,15,0,74,0.8
04:00,25,25,13,0,77,0.8
05:00,24,20,15,0,79,0.2
06:00,24,27,20,0,79,0.3
07:00,26,31,23,0,74,0.1
08:00,28,44,24,0,65,0.5
09:00,30,43,22,0,56,0.4
10:00,32,44,24,0,50,1.1
11:00,32,51,26,0,50,1.6
12:00,32,47,30,0,52,2.6
13:00,31,49,31,0,51,2.3
14:00,31,31,24,0,53,1.6
15:00,31,24,19,0,54,1.4
16:00,30,20,12,0,58,1.8
17:00,28,32,13,0,61,2.3
18:00,27,33,15,0,64,1.9
19:00,27,30,15,0,67,1.5
20:00,27,23,13,0,68,1.1
21:00,27,25,14,0,68,0.6
22:00,26,22,15,0,69,0.5
23:00,26,20,12,0,69,0.7
00:00,26,20,18,0,70,0.7
01:00,26,15,11,0,71,0.7
02:00,26,16,15,0,72,0.9
03:00,25,19,7,0,74,1.3
04:00,25,24,12,0,75,0.5
05:00,25,27,10,0,76,0.2
06:00,25,27,15,0,76,1.4
07:00,26,29,16,0,74,0.8
08:00,27,30,18,0,70,1.2
09:00,29,30,19,0,64,1.1
10:00,30,35,26,0,59,1.5
11:00,31,36,24,0,55,2
12:00,32,37,20,0,54,2.2
13:00,31,38,16,0,54,2.8
14:00,31,35,16,0,53,1.9
15:00,30,36,23,0,54,2.5
16:00,29,38,19,0,60,1.8
17:00,29,52,28,0,64,1
18:00,28,57,23,0,70,1.3
19:00,28,61,33,0,72,0.7
20:00,27,55,30,0,71,1.6
21:00,26,60,39,0,79,1.5
22:00,25,68,37,0,82,1
23:00,25,69,32,0,84,0.9
00:00,24,57,24,0,85,0.9
01:00,24,42,19,0,84,0.8
02:00,23,24,19,0,85,1
03:00,22,24,21,0,86,1.3
04:00,22,21,21,0,85,0.9
05:00,22,28,19,0,84,0.9
06:00,21,26,16,0,82,0.9
07:00,22,29,18,0,78,1.2
08:00,23,32,14,0,72,1.4
09:00,25,31,12,0,65,1.4
10:00,26,32,6,0,60,1.3
11:00,27,30,9,0,57,1.5
12:00,27,33,15,0,56,1.4
13:00,27,39,18,0,56,1.6
14:00,26,48,19,0,58,1.4
15:00,24,51,14,0,62,1.4
16:00,23,41,19,0,65,1.5
17:00,22,33,10,0,67,1.1
18:00,21,30,6,0,69,0.9
19:00,20,26,6,0,71,1.4
20:00,20,30,13,0,71,1.1
21:00,20,27,15,0,72,2.5
22:00,19,26,10,0,70,1
23:00,19,13,7,0,71,1.5
00:00,18,9,7,0,72,1.2
01:00,18,12,8,0,70,1
02:00,17,13,8,0,70,1.2
03:00,17,20,5,0,70,1.1
04:00,17,17,6,0,70,1.6
05:00,17,17,4,0,71,1.1
06:00,17,10,5,0,72,1.2
07:00,17,10,4,0,70,1.8
08:00,18,15,7,0,68,1.4
09:00,19,22,7,0,66,1.1
10:00,20,23,9,0,62,1
11:00,21,28,15,0,58,1.1
12:00,22,28,19,0,56,1.1
13:00,21,38,16,0,58,1.6
14:00,21,37,10,0,58,1.2
15:00,20,35,4,0,62,1.4
16:00,19,30,7,0,63,1.2
17:00,18,36,8,0,66,1.1
18:00,18,37,9,0,68,0.8
19:00,17,34,11,0,69,1.5
20:00,17,20,6,0,70,1.1
21:00,17,10,11,0,73,1
22:00,17,15,7,0,74,0.9
23:00,16,15,13,0,76,1
00:00,16,15,8,0,76,0.8
01:00,16,6,11,0,76,2
02:00,17,8,7,0,75,1.3
03:00,17,14,8,0,76,1
04:00,16,17,1,0.2,81,1
05:00,16,18,5,5.6,86,0.9
06:00,16,17,13,0.2,89,0.5
07:00,17,15,13,0,88,0.8
08:00,18,17,18,0,85,0.5
09:00,20,24,9,0.2,79,1
10:00,23,28,20,0,69,0.6
11:00,24,27,15,0,63,1.1
12:00,25,26,9,0,60,1.1
13:00,25,28,19,0,59,1.9
14:00,25,38,19,0,59,1.5
15:00,25,53,28,0,60,1.4
16:00,24,54,25,0,62,1.1
17:00,23,52,26,0,68,1.2
18:00,22,49,29,0,71,1.1
19:00,21,43,31,0,73,1.1
20:00,20,44,28,0,75,0.9
21:00,20,39,30,0,76,0.9
22:00,20,43,29,0,77,1.1
23:00,19,31,27,0,78,0.7
00:00,19,30,21,0,78,0.7
01:00,19,30,13,0,77,0.7
02:00,19,31,21,0,77,1
03:00,19,25,15,0,77,0.8
04:00,19,18,16,0,77,1.1
05:00,19,12,10,0,78,0.5
06:00,19,15,12,0,78,0.6
07:00,20,12,13,0,77,0.8
08:00,21,21,10,0,73,1.3
09:00,21,25,13,0,73,1
10:00,21,34,16,0,73,1
11:00,21,30,20,0,75,0.9
12:00,21,33,15,0,76,1
13:00,21,27,8,0,78,1
14:00,21,34,11,0,79,0.8
15:00,21,28,15,0,77,1
16:00,20,29,18,0,80,0.8
17:00,19,26,11,0.6,84,0.9
18:00,19,27,11,0,83,1.1
19:00,18,26,9,0,81,1
20:00,18,22,11,0,80,1
21:00,17,20,9,0,80,1.7
22:00,17,17,13,0,82,0.9
23:00,17,16,11,0,82,0.9
00:00,17,19,10,0,81,1
01:00,17,20,10,0,80,0.6
02:00,17,22,8,0,80,0.8
03:00,16,20,11,0,80,1.2
04:00,16,25,6,0,80,0.7
05:00,16,27,14,0,81,0.8
06:00,16,23,11,0,82,1.5
07:00,16,17,19,9.6,85,1
08:00,16,16,14,1.4,91,0.7
09:00,17,23,12,0,89,0.5
10:00,17,28,7,0.4,88,0.9
11:00,17,31,11,0.2,88,0.7
12:00,17,37,14,0.2,88,0.8
13:00,17,40,21,1,89,1
14:00,17,40,19,1,90,0.8
15:00,17,35,21,0.8,91,0.7
16:00,17,33,18,0.8,92,0.9
17:00,17,30,22,1.8,92,0.6
18:00,17,25,21,1.8,91,0.7
19:00,16,20,18,1,91,1.1
20:00,17,11,15,0.6,90,0.7
21:00,16,13,14,0.6,91,0.7
22:00,16,13,13,0.6,91,0.9
23:00,17,16,12,0.8,92,0.7
00:00,17,14,11,1.8,92,0.4
01:00,16,13,8,1,92,0.6
02:00,17,12,4,0.4,92,1.1
03:00,17,17,6,0,88,0.7
04:00,17,14,6,0,86,0.7
05:00,17,10,4,0,85,0.6
06:00,17,8,5,0,87,0.2
07:00,18,6,3,0,83,0.5
08:00,19,12,8,0,81,0.6
09:00,20,13,10,0,77,0.9
10:00,22,10,15,0,71,1
11:00,24,8,10,0,65,1
12:00,24,11,9,0,66,2.2
13:00,24,18,4,0,66,2.1
14:00,23,24,6,0,67,1.9
15:00,23,30,13,0,69,1.4
16:00,22,25,13,0,72,1.2
17:00,21,27,14,0,75,1.1
18:00,20,24,11,0,77,1.1
19:00,20,27,14,0,79,0.8
20:00,20,27,14,0,82,1.4
21:00,20,29,12,0,83,0.5
22:00,20,28,6,0,84,0.9
23:00,20,22,11,0,81,0.4
00:00,19,15,14,0,79,0.4
01:00,20,12,13,0,75,0.6
02:00,19,16,11,0,76,0.7
03:00,19,17,16,0,69,0.6
04:00,19,21,19,0,64,0.8
05:00,19,21,23,0,69,0.7
06:00,19,37,27,0,72,0.8
07:00,20,40,27,0,65,0.6
08:00,21,51,24,0,58,0.8
09:00,22,43,21,0,58,0.9
10:00,23,46,20,0,54,1.4
11:00,24,43,26,0,47,1.4
12:00,25,51,27,0,45,1.3
13:00,24,57,35,0,47,2.3
14:00,25,59,35,0,42,1.2
15:00,25,66,39,0,42,1.3
16:00,24,61,41,0,34,1.1
17:00,23,65,41,0,26,1.1
18:00,23,65,36,0,28,0.9
19:00,22,73,30,0,34,1.2
20:00,21,79,29,0,36,0.6
21:00,20,84,38,0,40,1.3
22:00,20,79,40,0,42,0.8
23:00,20,76,42,0,43,1.1
00:00,20,64,32,0,42,1.1
01:00,19,64,29,0,43,0.8
02:00,19,59,28,0,45,0.4
03:00,18,63,29,0,46,0.7
04:00,18,59,27,0,50,0.9
05:00,17,60,25,0,57,0.4
06:00,17,50,26,0,65,0.3
07:00,18,50,27,0,53,0.4
08:00,20,44,33,0,36,0.7
09:00,22,47,25,0,22,0.4
10:00,23,48,21,0,20,1.6
11:00,23,54,19,0,21,2.6
12:00,24,55,15,0,19,1.5
13:00,24,59,11,0,20,2
14:00,24,61,11,0,25,2
15:00,23,60,19,0,29,1.3
16:00,23,58,26,0,29,1.2
17:00,22,49,22,0,33,2.1
18:00,20,58,24,0,41,1.8
19:00,20,54,24,0,44,0.6
20:00,19,59,26,0,46,1.1
21:00,19,62,30,0,48,0.4
22:00,19,69,33,0,51,0.2
23:00,18,80,40,0,54,0.5
00:00,18,70,36,0,56,0.2
01:00,17,63,31,0,59,0.5
02:00,16,52,29,0,63,0.4
03:00,16,52,29,0,59,0.4
04:00,16,53,25,0,61,0.3
05:00,16,50,18,0,62,0.3
06:00,16,52,24,0,59,0.4
07:00,18,42,21,0,43,0.6
08:00,21,33,21,0,33,0.5
09:00,23,35,14,0,36,1.3
10:00,25,52,24,0,32,1.3
11:00,27,55,26,0,26,1.5
12:00,27,57,29,0,27,1.3
13:00,27,59,32,0,33,2
14:00,26,72,43,0,39,1.9
15:00,26,79,43,0,46,2
16:00,25,74,46,0,51,1.7
17:00,23,70,42,0,56,1.3
18:00,23,64,42,0,59,1.1
19:00,23,68,36,0,60,0.6
20:00,23,84,33,0,60,0.7
21:00,23,93,37,0,60,0.5
22:00,23,101,46,0,62,0.9
23:00,22,104,54,0,66,0.8
00:00,22,111,51,0,67,0.6
01:00,22,119,53,0,66,0.4
02:00,22,116,50,0,65,0.8
03:00,22,106,50,0,64,0.8
04:00,22,96,50,0,63,0.7
05:00,23,86,51,0,61,0.6
06:00,23,75,51,0,60,0.6
07:00,23,65,51,0,58,0.5
08:00,25,63,45,0,50,0.5
09:00,28,70,41,0,41,1.5
10:00,29,67,35,0,40,1.9
11:00,29,67,30,0,44,1.7
12:00,29,59,29,0,44,2.4
13:00,30,57,25,0,44,2.3
14:00,29,56,28,0,46,1.9
15:00,29,53,23,0,48,2
16:00,28,55,32,0,51,1.9
17:00,26,53,30,0,58,1.9
18:00,25,51,29,0,64,1.3
19:00,24,46,19,0,70,1.1
20:00,24,49,24,0,76,0.6
21:00,24,64,25,0,77,0.7
22:00,24,68,38,0,76,0.7
23:00,23,69,31,0,73,0.6
00:00,23,56,35,0,75,0.1
01:00,23,63,33,0,76,0.4
02:00,22,63,35,0,77,0.5
03:00,21,61,32,0,80,0.5
04:00,21,54,24,0,80,0.3
05:00,20,45,29,0,81,0.5
06:00,21,43,30,0,78,0.5
07:00,22,42,25,0,67,0.5
08:00,24,47,25,0,62,0.5
09:00,26,56,32,0,54,0.7
10:00,29,55,33,0,48,0.8
11:00,30,61,31,0,48,1.1
12:00,29,72,36,0,53,1.7
13:00,29,94,49,0,53,1.6
14:00,28,110,56,0,59,1.8
15:00,28,105,56,0,61,1.2
16:00,27,97,50,0,65,1.4
17:00,26,84,50,0,68,0.9
18:00,25,82,46,0,69,0.8
19:00,25,79,44,0,69,1
20:00,25,80,41,0,72,1.2
21:00,25,82,45,0,71,1.3
22:00,25,84,49,0,70,0.5
23:00,25,90,55,0,74,0.6
00:00,25,90,50,0,73,0.1
01:00,25,96,51,0,72,0.3
02:00,25,93,53,0,72,0.3
03:00,25,99,54,0,73,0.7
04:00,24,103,55,0,75,0.7
05:00,24,110,58,0,76,0.5
06:00,24,111,73,0,75,0.8
07:00,26,99,72,0,68,1.2
08:00,28,86,64,0,62,1
09:00,29,65,42,0,61,2.4
10:00,31,57,26,0,57,2.8
11:00,32,49,15,0,55,2.8
12:00,33,53,12,0,54,2.4
13:00,31,53,16,0,63,2.5
14:00,30,58,22,0,67,2.1
15:00,29,55,19,0,70,1.4
16:00,29,57,15,0,72,1.5
17:00,28,54,15,0,74,1.4
18:00,27,62,15,0,77,1.3
19:00,27,56,13,0,79,1.2
20:00,27,43,7,0,81,1.2
21:00,26,27,6,1,85,1
22:00,26,19,7,0,84,1.3
23:00,26,20,8,0,83,0.8
00:00,26,25,9,0,80,1
01:00,26,25,8,0,78,1.1
02:00,26,27,11,0,78,1
03:00,26,18,8,0,79,0.6
04:00,26,15,10,0,78,0.7
05:00,26,7,2,0,79,0.8
06:00,26,8,10,0,80,0.8
07:00,26,17,11,0,77,0.9
08:00,27,25,12,0,75,1.7
09:00,28,36,9,0,72,1.7
10:00,29,35,10,0,67,2.1
11:00,31,35,9,0,59,3
12:00,32,29,12,0,55,2.8
13:00,32,29,14,0,55,2.6
14:00,31,26,16,0,54,1.6
15:00,29,32,10,0,63,1
16:00,28,35,12,0,70,0.6
17:00,28,46,15,0,72,0.6
18:00,27,42,13,0,74,0.6
19:00,27,48,12,0,72,1.4
20:00,27,43,12,0,70,1.6
21:00,27,33,22,0,72,1.5
22:00,26,29,18,0,74,1.5
23:00,26,21,19,0,72,1.5
00:00,26,24,14,0,70,1.4
01:00,26,12,15,0,69,1.5
02:00,26,10,15,0,71,1.4
03:00,26,15,13,0,71,1.4
04:00,26,13,7,0,70,1.3
05:00,26,12,10,0,70,0.9
06:00,26,9,9,0,69,1
07:00,27,17,8,0,64,1.5
08:00,28,31,5,0,61,1.6
09:00,30,35,11,0,57,1.7
10:00,31,35,15,0,53,2.1
11:00,31,31,18,0,54,2.9
12:00,31,22,16,0,51,2
13:00,31,25,18,0,51,2.9
14:00,30,26,19,0,57,2.8
15:00,29,39,18,0,58,2.1
16:00,29,33,20,0,59,1.6
17:00,29,33,14,0,60,1.4
18:00,28,34,12,0,63,1.1
19:00,28,38,14,0,65,0.9
20:00,27,36,10,0,66,0.6
21:00,27,30,21,0,67,1
22:00,27,28,23,0,67,0.6
23:00,27,30,21,0,69,0.2
00:00,26,25,16,0,71,0.7
01:00,25,27,10,0,75,1.3
02:00,23,28,15,0,77,1.1
03:00,21,32,9,0.2,80,1.2
04:00,20,27,4,3.8,87,1.9
05:00,20,18,1,3.6,91,1
06:00,22,20,9,2.4,93,1.2
07:00,23,23,8,0.4,85,1.1
08:00,22,29,14,0,85,0.9
09:00,22,23,10,0,83,1.3
10:00,24,30,20,0,77,0.7
11:00,24,33,22,0,73,1.6
12:00,25,35,26,0,68,1.6
13:00,25,33,31,0,66,1.3
14:00,25,38,30,0,66,1.2
15:00,24,49,29,0,67,1.5
16:00,23,60,27,0,71,2
17:00,22,67,37,0,72,0.8
18:00,21,61,39,0,74,0.8
19:00,21,61,40,0,75,0.9
20:00,21,58,40,0,75,1
21:00,21,65,40,0,75,0.7
22:00,21,65,39,0,75,1
23:00,20,62,37,0,77,0.5
00:00,20,45,35,0,77,0.7
01:00,20,35,26,0,77,0.8
02:00,20,22,19,0,78,0.9
03:00,20,27,11,0,78,1
04:00,20,20,13,0,77,1
05:00,20,20,11,0,76,0.7
06:00,21,18,12,0,75,1.2
07:00,21,24,18,0,74,0.7
08:00,23,27,16,0,70,0.6
09:00,25,27,13,0,64,1.3
10:00,25,25,9,0,61,1.3
11:00,26,26,12,0,60,1.4
12:00,26,29,16,0,58,1.4
13:00,27,32,15,0,57,1.6
14:00,27,41,19,0,56,1.1
15:00,26,39,12,0,58,1.5
16:00,25,31,11,0,61,1.2
17:00,24,27,21,0,63,0.8
18:00,23,21,16,0,67,1.1
19:00,22,27,16,0,69,0.9
20:00,21,31,14,0,70,0.9
21:00,21,35,13,0,70,1
22:00,21,37,19,0,70,0.6
23:00,21,32,14,0,70,0.8
00:00,21,32,18,0,69,0.9
01:00,21,32,12,0,69,1
02:00,21,31,16,0,69,0.5
03:00,21,30,14,0,71,1
04:00,21,30,11,0,71,1.2
05:00,21,28,13,0,71,0.3
06:00,21,34,13,0,70,0.3
07:00,23,33,16,0,66,0.2
08:00,24,43,18,0,63,0.7
09:00,25,57,27,0,62,0.8
10:00,27,70,33,0,61,1.3
11:00,28,73,33,0,58,0.7
12:00,30,67,31,0,54,1.1
13:00,30,60,32,0,52,1.7
14:00,28,56,30,0,61,1.8
15:00,26,47,25,0,68,2.5
16:00,26,53,18,0,71,2.2
17:00,25,50,22,0,76,1.9
18:00,24,53,22,0,79,1.1
19:00,23,44,23,0,81,1
20:00,23,50,20,0,83,1.1
21:00,23,58,22,0,84,0.9
22:00,23,65,19,0,84,0.5
23:00,23,62,19,0,84,1
00:00,23,66,22,0,85,0.7
01:00,23,70,31,0,86,1.1
02:00,22,69,33,0,86,1.3
03:00,22,68,30,0,87,1.5
04:00,22,68,27,0,86,0.6
05:00,22,72,28,0,85,0.6
06:00,23,65,28,0,85,0.6
07:00,23,61,31,0,82,0.5
08:00,24,63,26,0,76,1.4
09:00,26,68,27,0,70,0.9
10:00,27,63,25,0,66,1.2
11:00,27,61,29,0,65,1.7
12:00,26,59,33,0,68,2.2
13:00,27,64,31,0,67,2.5
14:00,26,65,37,0,70,2.8
15:00,26,68,29,0,72,2.3
16:00,26,73,28,0,71,1.3
17:00,26,73,25,0,72,1.8
18:00,24,63,27,0,76,0.9
19:00,24,55,32,0,79,1.1
20:00,23,52,28,0,81,0.7
21:00,23,61,31,0,81,0.9
22:00,23,57,30,0,82,0.7
23:00,22,54,29,0,82,0.5
00:00,22,40,23,0,82,1.1
01:00,21,34,15,0,82,0.8
02:00,21,27,16,0,82,0.8
03:00,22,26,21,0,82,0.9
04:00,21,29,29,0,82,1.2
05:00,21,29,30,0,82,0.7
06:00,22,33,29,0,81,0.7
07:00,22,37,27,0,80,0.6
08:00,23,37,25,0,78,1
09:00,25,44,30,0,73,0.6
10:00,28,50,36,0,63,0.1
11:00,29,68,40,0,58,1.1
12:00,29,72,37,0,56,1.3
13:00,30,70,26,0,56,2.5
14:00,28,53,22,0,57,1.6
15:00,29,47,22,0,56,2
16:00,28,48,24,0,57,2.3
17:00,27,53,26,0,62,1.9
18:00,25,56,23,0,64,1.6
19:00,24,58,24,0,66,0.9
20:00,23,54,22,0,68,0.7
21:00,23,51,21,0,68,0.8
22:00,23,41,23,0,68,1.2
23:00,22,45,21,0,70,0.7
00:00,22,38,25,0,70,1
01:00,22,34,32,0,70,0.9
02:00,22,23,20,0,69,1.5
03:00,22,17,13,0,70,0.4
04:00,22,17,13,0,73,0.6
05:00,21,17,17,0,73,0.8
06:00,22,31,20,0,73,0.5
07:00,23,42,23,0,70,0.3
08:00,25,54,15,0,64,0.7
09:00,27,52,24,0,58,0.8
10:00,29,48,29,0,52,0.7
11:00,30,46,40,0,50,0.9
12:00,31,50,27,0,48,1.1
13:00,30,45,23,0,50,2.6
14:00,29,51,18,0,57,1.9
15:00,27,49,28,0,63,2
16:00,26,60,27,0,67,2.7
17:00,25,58,28,0,73,1.2
18:00,25,62,24,0,76,1
19:00,24,52,24,0,76,0.7
20:00,24,49,25,0,77,1
21:00,24,44,23,0,78,1.1
22:00,24,43,19,0,78,0.4
23:00,24,45,20,0,78,1
00:00,24,49,22,0,79,0.6
01:00,24,62,30,0,81,1.2
02:00,23,67,28,0,82,0.5
03:00,24,69,30,0,82,0.6
04:00,23,66,33,0,83,0.7
05:00,23,59,32,0,84,0.9
06:00,23,62,40,0,84,0.2
07:00,24,65,36,0,80,0.3
08:00,26,74,44,0,71,1.3
09:00,27,75,35,0,62,1.3
10:00,28,81,38,0,62,1
11:00,29,84,38,0,56,1.2
12:00,30,87,44,0,55,1.8
13:00,30,65,46,0,50,1.6
14:00,30,55,38,0,48,2.1
15:00,29,61,30,0,52,2.1
16:00,29,66,22,0,52,1.5
17:00,28,69,30,0,57,1.4
18:00,27,72,37,0,63,0.7
19:00,26,70,41,0,63,1.4
20:00,25,64,40,0,68,0.8
21:00,25,55,39,0,64,0.9
22:00,26,50,36,0,62,1.1
23:00,26,51,36,0,60,0.9
00:00,25,50,32,0,60,0.7
01:00,25,48,42,0,65,1
02:00,25,45,46,0,71,0.8
03:00,25,46,43,0,69,0.6
04:00,25,43,33,0,69,0.5
05:00,25,45,32,0,71,0.5
06:00,25,45,41,0,71,0.5
07:00,26,45,42,0,68,0.7
08:00,28,46,39,0,59,0.9
09:00,29,48,35,0,53,1.1
10:00,30,46,31,0,50,0.9
11:00,31,42,32,0,51,1.6
12:00,31,46,28,0,54,1.8
13:00,31,40,27,0,56,2.1
14:00,30,36,20,0,59,2.2
15:00,29,28,3,0,62,1.7
16:00,29,32,5,0,63,1.4
17:00,28,36,12,0,70,1.2
18:00,27,36,16,0,74,1.3
19:00,26,36,20,0,77,1.6
20:00,26,36,15,0,78,0.7
21:00,26,36,22,0,77,1
22:00,26,44,19,0,77,1
23:00,25,52,22,0,79,0.8
00:00,25,52,24,0,82,1.1
01:00,25,45,22,0,82,1.3
02:00,25,28,20,0,83,1.1
03:00,25,25,19,0,83,0.4
04:00,25,28,25,0,81,0.4
05:00,25,37,28,0,82,1.1
06:00,25,38,25,0,82,1
07:00,26,41,24,0,79,1.4
08:00,28,42,29,0,70,1.3
09:00,29,47,31,0,62,1.3
10:00,30,49,31,0,59,1.4
11:00,31,38,27,0,56,2
12:00,32,37,27,0,55,2.1
13:00,32,32,29,0,53,2.2
14:00,31,38,26,0,52,2.1
15:00,31,36,24,0,54,2
16:00,30,45,23,0,60,1.9
17:00,28,53,23,0,71,1.8
18:00,26,59,26,0,75,1.5
19:00,26,56,22,0,76,0.6
20:00,26,56,23,0,77,1.2
21:00,26,53,24,0,78,1.1
22:00,26,49,30,0,77,1
23:00,26,48,28,0,79,0.9
00:00,25,52,28,0,81,0.5
01:00,26,54,29,0,80,1.3
02:00,25,48,30,0,79,0.7
03:00,25,56,36,0,80,0.8
04:00,25,53,35,0,81,0.9
05:00,25,53,37,0,79,0.7
06:00,25,42,32,0,78,0.4
07:00,26,48,30,0,77,0.7
08:00,27,53,33,0,71,0.7
09:00,29,56,33,0,64,0.7
10:00,30,57,39,0,60,0.5
11:00,31,70,39,0,60,0.5
12:00,31,72,45,0,58,0.4
13:00,31,72,45,0,56,0.5
14:00,31,65,41,0,56,2.1
15:00,30,57,37,0,55,2.3
16:00,30,59,31,0,56,1.5
17:00,29,66,26,0,60,2.2
18:00,28,70,33,0,66,1
19:00,27,72,30,0,69,0.4
20:00,27,76,30,0,69,0.8
21:00,27,80,36,0,70,1
22:00,26,83,38,0,72,1.1
23:00,26,77,42,0,73,0.8
00:00,26,75,39,0,75,1
01:00,25,85,44,0,76,1
02:00,25,101,44,0,77,0.9
03:00,25,111,55,0,77,0.7
04:00,25,109,58,0,77,1
05:00,25,99,61,0,77,1
06:00,25,106,62,0,81,1.1
07:00,25,111,56,0,81,1.4
08:00,26,116,59,0,77,1.4
09:00,27,104,46,0,71,1.3
10:00,28,84,47,0,67,1.1
11:00,29,83,40,0,63,1.3
12:00,29,70,47,0,64,1.7
13:00,29,64,42,0,62,1.3
14:00,28,55,40,0,65,1.9
15:00,28,59,36,0,65,1.5
16:00,28,58,35,0,65,1
17:00,28,49,26,0,63,0.7
18:00,28,43,28,0,63,0.4
19:00,27,46,30,0,65,1.2
20:00,27,47,36,0,63,1
21:00,27,55,40,0,65,1
22:00,27,62,40,0,66,0.8
23:00,27,65,40,0,68,1.5
00:00,26,63,37,0,73,0.9
01:00,26,54,38,0,74,0.7
02:00,26,38,36,0,74,1.1
03:00,26,26,22,0,75,1.2
04:00,26,23,21,0,76,1.3
05:00,25,30,12,0,75,1
06:00,26,31,20,0,72,1.1
07:00,27,35,16,0,68,1.3
08:00,29,34,20,0,63,1.2
09:00,30,39,26,0,58,1.6
10:00,31,45,30,0,57,2.2
11:00,32,54,35,0,53,2.2
12:00,33,51,36,0,52,2.3
13:00,34,48,33,0,52,2.4
14:00,32,53,33,0,60,2.7
15:00,31,59,25,0,63,2.6
16:00,29,59,22,0,69,2.9
17:00,28,50,21,0,70,2.1
18:00,28,41,18,0,73,1.3
19:00,27,28,23,0,76,1.5
20:00,27,27,27,0,75,1.7
21:00,27,29,26,0,74,1.3
22:00,27,38,22,0,76,1.6
23:00,27,35,8,0,77,1.8
00:00,26,36,15,0,80,1.5
01:00,26,33,20,0,81,1.5
02:00,26,35,29,0,80,1.4
03:00,26,39,28,0,80,1.9
04:00,26,38,28,0,80,1.3
05:00,26,32,30,0,77,1.4
06:00,26,25,25,0,73,1.3
07:00,27,27,21,0,71,1.5
08:00,28,22,12,0,68,1.9
09:00,29,31,16,0,64,2
10:00,30,32,19,0,60,1.9
11:00,31,33,25,0,58,1.7
12:00,31,30,27,0,60,2.1
13:00,32,23,22,0,58,2.5
14:00,32,31,18,0,58,2.7
15:00,31,26,13,0,59,2.6
16:00,30,29,8,0,63,1.8
17:00,29,28,9,0,66,1.9
18:00,28,26,9,0,71,1
19:00,28,26,14,0,74,1
20:00,28,24,14,0,71,1.7
21:00,28,26,11,0,71,1.3
22:00,27,26,10,0,74,1.3
23:00,27,21,14,0,76,1.2
00:00,27,26,13,0,79,0.8
01:00,27,22,16,0,78,1.1
02:00,26,21,8,0,79,1.1
03:00,26,10,8,0,81,1.3
04:00,26,12,8,0,81,1
05:00,26,13,15,0,81,1
06:00,26,13,14,1.4,82,1.3
07:00,25,17,11,1.6,87,1
08:00,25,25,6,2.8,91,0.6
09:00,26,28,9,0,86,1.1
10:00,27,25,16,0,80,0.6
11:00,28,28,24,0,75,0.6
12:00,28,41,19,0.2,74,0.1
13:00,26,37,19,9.2,82,0.2
14:00,29,33,18,0,74,0.6
15:00,29,28,22,0,72,1.8
16:00,28,39,29,0,71,1.6
17:00,27,39,21,0,74,1.3
18:00,27,37,24,0,76,1.1
19:00,27,41,22,0,76,0.6
20:00,27,43,23,0,77,1.3
21:00,27,43,22,0,76,0.9
22:00,26,41,19,0,76,1
23:00,26,43,26,0,78,1.3
00:00,24,44,29,0.2,86,1.6
01:00,22,38,27,0,87,0.9
02:00,22,33,28,0,85,0.5
03:00,23,23,23,0,85,0.3
04:00,23,28,24,0,86,1.4
05:00,23,33,23,0,86,0.9
06:00,23,47,29,0,86,0.7
07:00,23,44,30,0,85,0.7
08:00,23,48,29,0.4,88,0.2
09:00,23,44,30,0.8,91,0.7
10:00,23,53,28,1.2,92,0.8
11:00,23,46,27,0,89,1.1
12:00,24,49,28,0,83,0.3
13:00,25,48,31,0,81,0.7
14:00,24,61,37,0.2,84,1.2
15:00,23,58,30,0,86,1
16:00,23,50,29,0,86,1.7
17:00,24,44,27,0,85,0.5
18:00,24,58,36,0,85,1.1
19:00,24,55,36,0,84,0.7
20:00,23,49,29,0,85,0.6
21:00,23,33,29,0,83,0.5
22:00,23,40,28,0,82,0.8
23:00,23,44,31,0,82,0.3
00:00,24,46,25,0,81,0.2
01:00,24,39,28,0,82,0.5
02:00,23,40,32,0,82,0.8
03:00,23,37,31,0,85,0.8
04:00,23,42,28,0,85,0.4
05:00,23,39,29,0,85,0.3
06:00,24,46,30,0,85,0.6
07:00,25,59,29,0,82,0.9
08:00,27,75,29,0,76,1.3
09:00,28,86,30,0,71,1.6
10:00,28,85,43,0,70,1.3
11:00,29,79,48,0,68,1.7
12:00,30,65,48,0,62,1.7
13:00,29,54,38,0,62,1.4
14:00,29,59,33,0,62,1.4
15:00,29,64,28,0,65,1.2
16:00,29,77,35,0,68,1.5
17:00,28,74,32,0,71,1.8
18:00,27,70,32,0,74,1.1
19:00,27,68,30,0,77,1.2
20:00,26,78,32,0,79,1.4
21:00,26,79,35,0,80,0.8
22:00,26,78,30,0,81,0.8
23:00,26,67,33,0,82,0.8
00:00,26,61,32,0,81,1.1
01:00,26,49,32,0,79,0.8
02:00,25,35,26,0,82,0.7
03:00,25,37,19,0,82,0.8
04:00,25,38,23,0,83,0.9
05:00,25,41,19,0,84,0.3
06:00,25,44,21,0,85,0.3
07:00,26,41,13,0,78,0.5
08:00,27,33,25,0,71,0.2
09:00,28,34,26,0,69,1.1
10:00,28,47,41,0,68,0.9
11:00,28,65,36,0,71,2
12:00,29,66,37,0,68,1.3
13:00,30,65,29,0,61,1.4
14:00,30,59,26,0,60,1.9
15:00,30,61,26,0,61,1.8
16:00,29,53,46,0,61,1.5
17:00,28,63,37,0,68,1.3
18:00,28,61,41,0,72,0.8
19:00,27,64,40,0,75,0.7
20:00,27,65,47,0,77,0.9
21:00,27,77,45,0,76,0.3
22:00,26,83,43,0,79,1.5
23:00,26,89,43,0,79,1.2
00:00,26,91,50,0,77,1.2
01:00,26,101,51,0,79,0.8
02:00,26,103,54,0,83,0.9
03:00,26,110,60,0,82,1.5
04:00,25,106,61,0,84,0.8
05:00,25,107,59,0,86,0.6
06:00,25,105,50,0,84,1.1
07:00,26,113,56,0,79,1.1
08:00,28,116,53,0,73,1.5
09:00,29,97,53,0,68,1.7
10:00,29,85,41,0,69,1.2
11:00,30,73,49,0,65,1.9
12:00,31,69,41,0,61,1.8
13:00,32,52,42,0,56,2.4
14:00,32,39,25,0,53,1.6
15:00,31,41,21,0,54,1.8
16:00,30,41,14,0,58,1.5
17:00,29,43,21,0,64,1.5
18:00,28,38,24,0,68,1.1
19:00,28,48,24,0,69,1.1
20:00,28,58,24,0,70,1.2
21:00,28,65,32,0,72,1.4
22:00,27,64,32,0,74,1.2
23:00,27,62,33,0,77,1.6
00:00,26,59,25,0,79,1.1
01:00,26,50,27,0,79,1.6
02:00,26,40,23,0,82,1.2
03:00,26,40,21,0,82,0.6
04:00,26,50,21,0,82,0.9
05:00,26,50,24,0,79,0.9
06:00,26,46,22,0,75,0.9
07:00,27,37,21,0,71,1
08:00,30,32,18,0,61,1
09:00,32,34,23,0,51,1.4
10:00,33,43,22,0,49,1.7
11:00,34,56,24,0,48,2
12:00,33,54,20,0,51,2.5
13:00,32,38,18,0,53,2.2
14:00,31,31,12,0,59,2.8
15:00,30,31,10,0,62,2.4
16:00,29,37,13,0,67,1.9
17:00,29,32,12,0,70,1.4
18:00,28,28,11,0,72,1
19:00,28,25,11,0,72,0.7
20:00,28,27,13,0,74,1
21:00,27,20,22,0,78,1.6
22:00,27,21,21,0,78,0.6
23:00,27,23,19,0,78,1.2
00:00,27,27,10,0,80,1
01:00,27,22,16,0,77,0.6
02:00,27,20,13,0,75,0.6
03:00,27,19,18,0,77,0.8
04:00,26,28,9,0,79,0.9
05:00,25,35,26,0,85,0.8
06:00,25,52,32,0,84,0.8
07:00,25,55,41,0,81,1.1
08:00,27,56,27,0,73,0.8
09:00,29,41,35,0,67,1.5
10:00,30,38,26,0,63,1.6
11:00,30,34,30,0,63,1.6
12:00,31,39,20,0,60,1.3
13:00,31,39,21,0,60,1.6
14:00,30,41,20,0,62,1.9
15:00,30,38,20,0,61,1.2
16:00,30,33,22,0,64,2
17:00,29,35,19,0,69,1.2
18:00,27,40,20,0,74,1.1
19:00,26,47,19,0,78,1
20:00,26,44,18,0,79,0.8
21:00,25,44,23,0,82,0.8
22:00,25,50,20,0,82,1.4
23:00,25,53,25,0,82,1.4
00:00,25,52,22,0,82,1.1
01:00,25,53,26,0,83,0.8
02:00,25,49,26,0,83,0.6
03:00,25,54,30,0,82,0.9
04:00,25,43,27,0,81,0.7
05:00,25,40,28,0,80,0.6
06:00,25,42,21,0,82,0.9
07:00,26,53,24,0,79,1
08:00,26,63,23,0,78,0.8
09:00,27,65,29,0,76,0.8
10:00,28,62,32,0,71,0.8
11:00,29,63,32,0,66,1.6
12:00,31,60,28,0,54,0.7
13:00,31,49,24,0,49,0.9
14:00,32,42,16,0,53,1.9
15:00,32,37,11,0,51,1.7
16:00,32,39,12,0,48,2
17:00,30,46,18,0,62,1.7
18:00,30,51,22,0,57,0.8
19:00,28,61,24,0,67,1.2
20:00,28,64,31,0,70,1.3
21:00,28,71,35,0,70,1.4
22:00,28,77,37,0,69,1.6
23:00,28,70,30,0,68,1.2
00:00,27,53,25,0,71,1.6
01:00,26,31,20,0,78,1.6
02:00,25,20,16,0,81,1.6
03:00,25,25,15,0,81,1.1
04:00,25,28,12,0,82,0.9
05:00,25,25,12,0,83,1
06:00,24,21,14,34,90,0.7
07:00,23,15,10,39,97,1.2
08:00,23,12,13,0.4,90,1.5
09:00,25,19,11,0,75,1.2
10:00,26,22,16,0,68,0.6
11:00,28,26,14,0,63,0.4
12:00,30,18,12,0,62,1.1
13:00,28,26,21,0,65,2.2
14:00,28,43,25,0,65,1.8
15:00,28,60,28,0,65,1
16:00,27,67,29,0,65,1.2
17:00,27,61,28,0,65,1.1
18:00,26,67,30,0,68,0.6
19:00,26,72,28,0,69,0.6
20:00,26,80,32,0,70,0.5
21:00,26,78,31,0,70,0.7
22:00,26,76,38,0,70,0.5
23:00,26,75,46,0,73,0.4
00:00,26,76,43,0,74,0.3
01:00,26,76,41,0,74,0.7
02:00,25,82,41,0,76,0.6
03:00,25,86,45,0,77,0.4
04:00,25,89,49,0,78,0.9
05:00,25,88,49,0,78,0.3
06:00,26,94,53,0,76,0.5
07:00,26,99,50,0,74,0.5
08:00,28,107,51,0,71,0.9
09:00,29,98,48,0,67,1.1
10:00,30,93,49,0,61,1.4
11:00,32,82,48,0,57,1.4
12:00,32,82,54,0,55,1.4
13:00,32,78,56,0,55,1.4
14:00,32,71,45,0,52,1.8
15:00,31,66,39,0,56,1.5
16:00,30,60,32,0,61,1.6
17:00,29,58,37,0,65,1.4
18:00,28,62,43,0,68,1.5
19:00,28,69,42,0,71,1.1
20:00,28,85,43,0,72,1.5
21:00,27,88,50,0,75,1.5
22:00,27,87,42,0,77,1.4
23:00,27,65,39,0,81,1
00:00,27,55,20,0,82,1
01:00,27,40,24,0,81,1
02:00,26,38,15,0,82,1.1
03:00,26,33,24,0,83,0.6
04:00,26,35,25,0,82,1.2
05:00,25,34,23,0,83,1.2
06:00,26,38,15,0,80,0.8
07:00,27,36,12,0,75,1.2
08:00,29,39,18,0,68,1.8
09:00,31,40,19,0,60,1.9
10:00,32,45,15,0,57,1.8
11:00,32,43,19,0,56,2.3
12:00,32,37,12,0,62,2
13:00,32,32,16,0,63,2.6
14:00,32,35,12,0,62,2.3
15:00,31,26,26,0,66,1.9
16:00,30,27,16,0,67,1.6
17:00,30,29,15,0,67,1.5
18:00,29,37,3,0,71,1.2
19:00,29,39,6,0,75,1.4
20:00,28,42,6,0,78,1
21:00,28,42,6,0,79,1.4
22:00,28,31,10,0,81,1.5
23:00,27,19,5,0,81,1.3
00:00,27,22,3,0,83,1.1
01:00,27,27,0,0,83,1.1
02:00,26,36,7,0,84,1.5
03:00,26,32,11,0,86,1.7
04:00,26,26,12,0,84,1.2
05:00,26,27,9,0,82,0.9
06:00,26,20,9,0,78,1.1
07:00,27,29,13,0,76,1.3
08:00,28,23,15,0,73,2.1
09:00,29,32,16,0,68,2.6
10:00,31,38,21,0,60,2.6
11:00,33,39,18,0,54,2
12:00,33,40,15,0,56,1
13:00,33,44,20,0,59,0.8
14:00,33,41,11,0,60,0.7
15:00,33,43,23,0,63,1.2
16:00,33,49,19,0,61,1.7
17:00,32,47,24,0,65,1.4
18:00,30,43,18,0,74,1.4
19:00,30,34,14,0,75,2.2
20:00,29,32,8,0,77,2.5
21:00,28,33,11,0,79,1.6
22:00,28,28,13,0,79,1.1
23:00,28,27,13,0,80,1.3
00:00,28,25,12,0,81,1
01:00,27,27,12,0,82,1.1
02:00,27,30,10,0,78,1
03:00,27,21,10,0,75,1.2
04:00,26,16,6,0,78,1
05:00,26,10,11,0,72,0.8
06:00,27,12,9,0,66,0.9
07:00,29,14,14,0,57,1.5
08:00,31,14,14,0,55,1.3
09:00,32,22,19,0,58,1.7
10:00,33,28,22,0,58,1.9
11:00,33,43,19,0,57,2.1
12:00,34,52,25,0,53,2.2
13:00,34,43,12,0,55,2
14:00,34,30,19,0,56,2.1
15:00,32,22,12,0,61,1.8
16:00,31,22,19,0,63,1.2
17:00,31,25,18,0,62,2
18:00,30,24,12,0,67,2
19:00,29,25,12,0,72,1.5
20:00,28,25,13,0,76,1
21:00,28,19,15,0,75,1.3
22:00,28,22,21,0,73,1.2
23:00,28,12,18,0,73,1.2
00:00,28,13,15,0,73,1.2
01:00,27,9,13,0,76,1
02:00,27,16,9,0,78,0.8
03:00,27,16,15,0,78,0.9
04:00,27,20,20,0,79,1.5
05:00,26,15,18,0,81,0.9
06:00,27,23,16,0,79,1.7
07:00,28,20,15,0,74,1
08:00,29,26,20,0,68,0.6
09:00,31,27,16,0,59,1.1
10:00,32,28,21,0,55,1.2
11:00,33,25,21,0,53,1.6
12:00,34,18,21,0,50,1.4
13:00,34,23,21,0,48,1.7
14:00,33,30,18,0,56,2.2
15:00,32,27,18,0,59,2
16:00,32,25,8,0,58,2.1
17:00,30,23,20,0,65,1.7
18:00,29,31,14,0,70,1.5
19:00,29,26,27,0,73,1.2
20:00,28,23,13,0,72,1.7
21:00,28,23,15,0,72,1.8
22:00,28,32,10,0,71,1.4
23:00,28,27,18,0,73,1.2
00:00,28,27,15,0,74,1.1
01:00,27,28,8,0,73,1.2
02:00,27,28,8,0,76,1.6
03:00,27,23,12,0,76,0.7
04:00,26,9,15,0,77,0.9
05:00,26,9,15,0,76,0.9
06:00,27,12,9,0,72,1.1
07:00,29,26,10,0,64,1.4
08:00,31,38,9,0,52,1.9
09:00,33,40,12,0,46,2.2
10:00,34,40,18,0,51,2.1
11:00,34,43,22,0,54,2
12:00,34,43,19,0,51,2.6
13:00,34,41,11,0,52,2.5
14:00,34,37,11,0,51,2.8
15:00,33,40,14,0,50,2.9
16:00,33,36,15,0,49,2
17:00,32,34,14,0,52,1.7
18:00,31,25,14,0,57,1.6
19:00,30,31,13,0,64,1.7
20:00,30,22,10,0,66,1.9
21:00,29,22,10,0,66,1.2
22:00,29,12,11,0,68,1
23:00,29,12,13,0,71,1
00:00,28,10,11,0,70,1
01:00,28,13,8,0,71,1.4
02:00,27,13,6,0,72,1.4
03:00,27,20,8,0,73,1.2
04:00,27,20,6,0,68,1
05:00,27,20,6,0,65,1.1
06:00,28,19,3,0,62,1.1
07:00,30,20,14,0,57,1.6
08:00,31,25,13,0,52,2.1
09:00,33,33,15,0,52,2.3
10:00,33,31,12,0,52,2.4
11:00,33,36,18,0,56,1.5
12:00,32,36,19,0,58,1.1
13:00,32,35,18,0,58,1.7
14:00,32,34,17,0,57,2.2
15:00,33,32,16,0,54,2.7
16:00,33,31,16,0,56,1.9
17:00,32,30,9,0,62,1.8
18:00,30,31,16,0,68,1.8
19:00,30,41,8,0,72,1.6
20:00,30,38,18,0,73,1.7
21:00,29,31,9,0,74,1.5
22:00,29,27,11,0,74,1.9
23:00,29,24,12,0,74,1.3
00:00,29,32,25,0,71,1.6
01:00,29,35,25,0,73,2
02:00,29,30,18,0,73,1.6
03:00,29,22,18,0,71,1.6
04:00,29,23,11,0,71,1.6
05:00,29,26,10,0,69,1.7
06:00,29,32,5,0,68,1.7
07:00,29,19,9,0.2,68,1.9
08:00,27,18,19,2.8,80,1.4
09:00,26,19,16,5.4,85,1.8
10:00,25,23,13,11,90,1.7
11:00,25,22,12,17,92,2
12:00,23,14,11,19,91,1.6
13:00,23,18,9,8.4,88,1.6
14:00,23,14,0,27,92,1.2
15:00,23,10,2,13,95,2.2
16:00,23,2,3,12,95,1.6
17:00,23,1,2,3,96,1.6
18:00,23,1,6,0.6,95,1.2
19:00,24,7,5,0.6,93,1
20:00,24,5,10,0.2,94,0.7
21:00,24,5,2,0,90,0.5
22:00,24,2,7,0,89,0.4
23:00,24,2,9,0,90,0.7
00:00,24,3,11,0.2,92,0.3
01:00,24,7,9,0.4,95,0.7
02:00,24,12,12,0.4,96,0.3
03:00,24,15,11,0.2,97,0.3
04:00,24,8,13,0,98,0.6
05:00,24,3,3,0,94,1.2
06:00,24,4,2,0.4,92,1.1
07:00,24,9,8,0,93,0.8
08:00,24,14,14,0.2,90,1.1
09:00,24,22,18,0.2,86,1
10:00,25,27,15,0.2,87,0.6
11:00,26,43,18,0,87,0.6
12:00,26,39,23,0,78,1.3
13:00,26,40,18,0.2,79,1
14:00,26,27,13,0,73,0.8
15:00,26,23,8,0,70,1
16:00,25,24,8,0.2,75,1
17:00,25,24,8,0,76,1.2
18:00,25,33,12,0,79,0.9
19:00,24,24,13,0.2,78,0.7
20:00,24,26,13,0,82,1.3
21:00,24,32,18,0,85,0.2
22:00,24,38,20,0.2,87,0.7
23:00,24,35,25,2.6,93,0.8
00:00,24,28,23,0.2,97,0.3
01:00,24,27,26,0.2,98,0.8
02:00,24,24,22,0,97,0.6
03:00,23,23,19,3.2,98,1.2
04:00,23,21,12,0.2,99,1.6
05:00,23,17,9,2.4,99,0.9
06:00,23,7,10,0.4,99,1.4
07:00,24,1,8,0.2,98,1.1
08:00,25,7,5,0,92,0.8
09:00,26,10,0,0,86,0.9
10:00,27,21,3,0,80,1.1
11:00,28,23,6,0,75,1.3
12:00,29,27,12,0,72,1.1
13:00,29,20,10,0,69,1.1
14:00,30,21,10,0,69,1.4
15:00,28,19,8,0,74,1.2
16:00,27,24,11,0.2,79,1.6
17:00,26,16,11,10,88,0.4
18:00,25,14,13,14,95,0.8
19:00,25,7,11,6.2,99,0.5
20:00,25,9,12,0.4,100,0.9
21:00,25,7,10,0.2,100,1.1
22:00,26,9,11,0,97,1.5
23:00,26,15,10,0,96,1.7
00:00,25,13,9,0,97,1.2
01:00,25,8,10,0,98,1
02:00,25,3,5,0,99,1
03:00,25,6,7,0,96,1.1
04:00,25,15,4,0,94,1
05:00,25,26,15,0,92,0.2
06:00,26,30,20,0,91,0.8
07:00,26,32,22,0,90,1.1
08:00,26,29,16,0,89,1.2
09:00,26,29,10,0,90,1.2
10:00,27,20,12,0,85,1.1
11:00,28,10,9,0,80,1.4
12:00,28,8,7,0,82,1.1
13:00,27,9,6,3.4,86,0.9
14:00,26,12,8,7.4,95,0.7
15:00,27,9,11,0,96,0.6
16:00,26,6,11,12,96,1.5
17:00,26,9,7,0.6,97,0.8
18:00,26,11,4,2,96,1.1
19:00,26,16,2,0.2,95,1.7
20:00,26,16,11,0,96,2.3
21:00,26,16,12,0,94,1.9
22:00,26,11,13,0.2,94,1.3
23:00,25,8,4,5.8,96,1.4
00:00,25,6,4,0.6,98,1.1
01:00,25,6,3,0,96,0.9
02:00,25,3,5,9.8,91,1.7
03:00,25,2,3,12,99,1.6
04:00,25,2,2,0,95,1.2
05:00,26,3,1,0.8,86,1.3
06:00,26,4,4,0,86,1.3
07:00,26,6,1,0.2,85,1.7
08:00,26,10,6,9,90,1.8
09:00,25,12,7,12,98,1.2
10:00,25,10,7,8.6,87,1.1
11:00,25,6,6,0,75,1.1
12:00,25,7,8,1.8,79,1
13:00,25,7,13,1.8,78,1.2
14:00,25,9,7,7.4,83,1.5
15:00,25,9,3,1.6,74,1.6
16:00,25,4,0,8.8,86,1.4
17:00,24,2,1,18,100,1.4
18:00,24,5,4,2.2,79,1
19:00,24,5,2,1,79,0.7
20:00,24,5,3,4.4,84,0.8
21:00,25,2,0,1.8,79,0.9
22:00,25,2,2,4.4,84,0.8
23:00,25,1,1,0.2,77,0.9
00:00,25,1,6,0,80,0.5
01:00,25,2,5,0,79,0.5
02:00,25,2,2,0.2,78,0.7
03:00,24,3,2,0,80,0.4
04:00,24,4,2,0,79,0.5
05:00,24,5,4,0,80,0.3
06:00,24,11,0,1.6,80,0.5
07:00,24,11,0,1.2,79,0.6
08:00,24,6,7,0.2,79,0.7
09:00,24,6,13,0.2,99,0.7
10:00,25,13,13,0,97,0.5
11:00,25,18,10,0,92,0.7
12:00,26,26,11,0,88,0.9
13:00,26,27,13,0,84,1
14:00,27,23,10,0,77,1.2
15:00,28,19,14,0,73,0.7
16:00,28,14,14,0,73,1.1
17:00,27,16,14,0,77,1.4
18:00,26,22,12,0,79,1
19:00,26,14,14,0,81,0.8
20:00,26,15,15,0,82,0.8
21:00,26,22,10,0,82,0.7
22:00,26,36,13,0,82,0.5
23:00,26,41,15,0,84,0.2
00:00,25,40,19,0,85,0.4
01:00,25,48,21,0,88,1.1
02:00,25,52,27,0,90,0.8
03:00,25,61,37,0,91,0.2
04:00,25,58,35,0,91,0.6
05:00,25,64,30,0,90,0.9
06:00,25,70,38,0,89,0.7
07:00,26,70,43,0.2,87,0.8
08:00,26,64,40,0.2,86,0.8
09:00,26,49,21,1.4,89,0.6
10:00,26,41,20,0,90,1
11:00,26,35,24,0,88,0.6
12:00,27,41,38,0,85,0.1
13:00,27,61,38,0.6,84,0.7
14:00,26,79,44,2,89,0.1
15:00,26,68,40,1,92,1.5
16:00,25,36,27,2.4,96,1.5
17:00,25,7,10,17,96,1.4
18:00,25,3,5,3.4,97,1.1
19:00,25,8,6,17,98,0.6
20:00,24,14,6,16,99,1.1
21:00,24,16,2,17,99,1.1
22:00,24,11,1,16,99,1.4
23:00,24,6,3,5,99,1.6
00:00,24,3,0,1.8,98,1.2
01:00,24,3,0,0.2,96,1
02:00,24,5,0,0,97,1
03:00,24,2,2,0,97,0.9
04:00,24,2,4,0.2,94,0.3
05:00,24,2,5,0,93,0.6
06:00,24,2,0,0,91,0.8
07:00,25,5,0,0,87,1
08:00,26,4,5,0,80,1.7
09:00,26,4,11,0,79,1.3
10:00,27,11,13,0.8,79,1.2
11:00,26,13,8,2,85,0.9
12:00,26,20,7,2,84,1.2
13:00,26,9,8,0,84,1.7
14:00,26,12,7,0.6,85,1.5
15:00,26,5,5,0.2,85,1
16:00,26,6,2,0,85,0.9
17:00,26,7,0,0.2,86,1
18:00,27,15,7,0,84,0.9
19:00,27,16,6,0,83,0.9
20:00,26,23,18,0,86,1
21:00,26,24,18,0,87,0.8
22:00,26,28,18,0,86,0.9
23:00,26,15,14,0,84,1.1
00:00,25,8,7,0,84,0.7
01:00,26,11,9,0,83,1.4
02:00,26,28,7,0,83,1.7
03:00,26,30,6,0,84,1.1
04:00,26,30,4,0,85,1.2
05:00,26,15,5,5,84,0.8
06:00,24,11,8,26,91,0.6
07:00,24,7,9,1.2,95,1.6
08:00,24,12,12,27,94,1.3
09:00,24,10,11,12,96,1.5
10:00,24,7,12,13,96,1.4
11:00,24,2,7,7.6,96,0.7
12:00,25,2,9,0.8,91,1.2
13:00,27,10,7,0,83,2
14:00,29,18,9,0,72,1.6
15:00,31,27,5,0,69,1.9
16:00,31,30,8,0,70,1.9
17:00,30,26,7,0,74,2.1
18:00,29,26,11,0,78,0.9
19:00,28,21,10,0,81,2
20:00,28,20,13,0,82,2.1
21:00,27,18,15,0,83,1.2
22:00,27,19,13,0,84,1.4
23:00,28,24,9,0,83,1.3
00:00,27,24,4,0,85,1.3
01:00,27,28,6,0,86,1.6
02:00,27,27,6,0,86,1.3
03:00,27,25,6,0,85,1.3
04:00,27,19,5,0,84,1.2
05:00,27,16,4,0,82,1.3
06:00,27,19,3,0,85,1.2
07:00,28,20,4,0,81,1.5
08:00,29,25,8,0,75,2
09:00,30,28,16,0,71,2.4
10:00,31,29,11,0,68,2.7
11:00,31,29,14,0,72,1.4
12:00,31,29,10,0,73,2.1
13:00,32,31,14,0,65,2.3
14:00,33,35,13,0,61,3.2
15:00,33,33,11,0,60,2.9
16:00,32,32,12,0,61,2.7
17:00,31,23,8,0,64,2.5
18:00,30,21,14,0,70,2.2
19:00,29,21,14,0,74,2.1
20:00,29,22,10,0,78,2.2
21:00,28,22,5,0,81,1.9
22:00,28,25,5,0,82,2.1
23:00,28,32,11,0,82,2
00:00,28,34,10,0,83,2.2
01:00,28,26,8,0,84,1.7
02:00,28,22,3,0,84,1.8
03:00,28,20,1,0,83,1.6
04:00,28,30,3,0,81,1.7
05:00,28,23,8,0,81,1.5
06:00,28,26,13,0,80,1.3
07:00,29,22,14,0,77,1.6
08:00,30,26,15,0,72,1.8
09:00,31,27,15,0,68,2.3
10:00,29,25,13,1.4,79,1.2
11:00,31,28,13,0,71,2.1
12:00,32,23,13,0,66,2.3
13:00,32,24,14,0,65,1.9
14:00,33,20,7,0,64,2.5
15:00,32,25,7,0,65,1.8
16:00,32,29,5,0,67,1.9
17:00,31,29,11,0,70,1.9
18:00,30,30,8,0,75,2
19:00,29,31,16,0,78,2
20:00,29,35,8,0,81,2.6
21:00,28,30,6,0,81,2.6
22:00,28,26,7,0,82,1.7
23:00,28,23,7,0,83,1.8
00:00,28,25,8,0,83,2.5
01:00,28,25,0,0,83,3.1
02:00,28,29,4,0,83,2
03:00,27,30,6,9,87,1.9
04:00,25,25,6,0.6,91,1.4
05:00,26,16,3,0.2,91,0.7
06:00,26,6,4,0,91,0.5
07:00,27,6,10,0,90,1.2
08:00,28,10,15,0,85,1.3
09:00,28,20,10,0,79,1.7
10:00,29,25,10,0.8,77,1.3
11:00,28,20,12,0,78,2
12:00,27,15,13,0,79,2.3
13:00,25,5,11,1,87,1.9
14:00,25,4,4,0.2,89,2.1
15:00,25,5,3,0.4,87,2.3
16:00,25,5,0,0.2,85,1.5
17:00,26,5,2,3.4,85,0.4
18:00,25,5,4,4,88,1.1
19:00,25,2,8,3.6,87,1.7
20:00,25,2,5,0,84,1.2
21:00,25,6,6,0.4,86,1.5
22:00,25,10,0,0.4,86,1.4
23:00,25,13,4,0.8,87,0.6
00:00,25,10,7,2,88,0.6
01:00,24,5,7,1.6,88,0.8
02:00,24,2,6,0.2,88,1.1
03:00,24,4,2,0,88,1.4
04:00,24,3,2,0,88,0.4
05:00,24,3,1,0,86,0.5
06:00,25,10,1,0,85,0.2
07:00,26,15,5,0,82,0.2
08:00,27,25,10,0,82,0.9
09:00,27,30,20,0,80,1
10:00,28,41,16,0,77,1.3
11:00,30,41,13,0,73,1.6
12:00,31,32,8,0,68,1.6
13:00,31,23,14,0,69,1.8
14:00,31,25,14,0,71,1.8
15:00,31,34,8,0,71,1.2
16:00,31,42,1,0,67,1.2
17:00,31,39,10,0,68,1.8
18:00,30,48,13,0,72,1.5
19:00,29,39,21,0,77,1.3
20:00,29,41,22,0,79,1.3
21:00,29,36,20,0,79,1.5
22:00,28,45,15,0,80,1
23:00,28,35,9,0,80,1.2
00:00,28,29,5,0,81,1.1
01:00,27,19,3,0,84,1.5
02:00,26,20,0,0,85,1.2
03:00,26,15,4,0,84,1.1
04:00,27,18,9,0,83,1
05:00,26,17,15,0,83,1.1
06:00,27,16,14,0,82,1.1
07:00,28,25,12,0,74,1.6
08:00,30,27,11,0,63,1.4
09:00,32,30,11,0,56,2.1
10:00,33,24,14,0,54,2.4
11:00,33,20,12,0,54,2.3
12:00,34,27,10,0,53,2
13:00,34,26,10,0,58,2.4
14:00,34,35,13,0,54,2.4
15:00,33,28,8,0,55,2.3
16:00,32,20,2,0,57,2.1
17:00,31,20,11,0,61,1.8
18:00,31,24,7,0,60,1.5
19:00,30,34,11,0,62,1.2
20:00,30,32,7,0,64,1.3
21:00,29,34,5,0,68,1.8
22:00,28,28,2,0,71,1.3
23:00,28,23,0,0,73,1.3
00:00,28,12,3,0,73,1.5
01:00,28,17,3,0,75,1.6
02:00,27,13,4,0,76,1.3
03:00,28,13,4,0,77,1.2
04:00,27,8,6,0,78,1.1
05:00,27,14,6,0,78,0.8
06:00,27,24,9,0,77,1.5
07:00,29,30,13,0,70,2
08:00,31,36,8,0,64,1.5
09:00,32,33,10,0,62,2
10:00,33,28,12,0,59,2.3
11:00,33,23,15,0,59,2.4
12:00,33,15,12,0,62,2.6
13:00,34,23,10,0,57,2.6
14:00,34,13,7,0,52,1.6
15:00,34,17,7,0,53,1.7
16:00,34,14,7,0,54,1.8
17:00,33,18,8,0,57,1.6
18:00,32,29,8,0,62,1.4
19:00,31,36,7,0,67,1.4
20:00,30,37,12,0,73,1.3
21:00,29,22,9,0,75,1.8
22:00,29,16,12,0,76,1.6
23:00,29,14,6,0,76,1.4
00:00,28,15,7,0,77,1.1
01:00,28,15,5,0,78,0.9
02:00,28,22,5,0,77,1.1
03:00,27,28,6,0,76,1.3
04:00,27,41,3,0,77,1.4
05:00,27,30,7,0,78,1
06:00,28,29,7,0,73,0.8
07:00,29,7,8,0,69,1.6
08:00,30,18,6,0,64,1.3
09:00,31,22,7,0,60,1
10:00,32,39,4,0,58,1.1
11:00,33,41,12,0,56,2.1
12:00,32,42,11,0,63,2.1
13:00,33,38,18,0,61,2
14:00,33,30,11,0,63,2.5
15:00,31,19,12,0,66,2.6
16:00,32,18,16,0,65,1.6
17:00,31,15,15,0,69,1.7
18:00,30,23,15,0,69,1.4
19:00,30,20,7,0,73,1.9
20:00,30,19,6,0,73,1.7
21:00,29,17,10,0,74,1.6
22:00,29,17,14,0,75,2
23:00,29,23,16,0,78,1.7
00:00,29,22,11,0,79,1.9
01:00,28,15,14,0,79,1.6
02:00,28,11,11,0,80,1.8
03:00,28,8,12,0,82,1.6
04:00,28,13,6,0,83,1.3
05:00,28,12,9,0,81,1.7
06:00,28,11,9,0,77,1.9
07:00,29,11,7,0,72,1.6
08:00,31,21,10,0,66,1.8
09:00,32,24,9,0,61,1.8
10:00,33,22,19,0,55,2
11:00,34,19,13,0.2,56,2
12:00,31,21,18,0.8,74,1.4
13:00,33,19,14,0,64,2.3
14:00,33,10,15,0,61,1.9
15:00,33,7,14,0,65,1.8
16:00,32,11,10,0,66,1.6
17:00,32,18,13,0,67,1.6
18:00,31,27,12,0,70,2.2
19:00,31,34,15,0,73,2.4
20:00,30,26,16,0,73,1.7
21:00,30,18,15,0,75,1.4
22:00,30,10,14,0,75,1.5
23:00,29,22,11,0,77,1.4
00:00,29,28,14,0,77,1
01:00,29,28,12,0,76,0.9
02:00,29,17,8,0,76,0.9
03:00,29,8,9,0,78,0.8
04:00,28,7,5,0,78,0.9
05:00,28,7,7,0.2,79,0.9
06:00,28,13,2,0,81,0.8
07:00,27,7,3,1.2,84,0.9
08:00,28,13,8,0.8,84,0.8
09:00,28,10,11,0,80,1.1
10:00,30,16,11,0,73,1.2
11:00,32,10,9,0,67,1.7
12:00,33,13,10,0,63,2.1
13:00,32,10,13,0,64,2
14:00,32,16,8,0.2,68,0.8
15:00,28,15,5,8,84,1.3
16:00,29,16,9,0.4,81,0.7
17:00,28,11,7,0.2,82,1.8
18:00,27,5,14,1.6,84,1.1
19:00,27,5,12,0,84,0.8
20:00,27,7,13,0,86,0.5
21:00,28,12,13,0,86,1.3
22:00,28,22,21,0,86,0.4
23:00,28,23,25,0,84,0.5
00:00,28,17,13,0,83,0.5
01:00,28,10,0,0,85,0.9
02:00,27,11,1,0,86,0.9
03:00,27,20,8,0,84,0.7
04:00,27,18,10,0,84,0.9
05:00,27,14,10,0,84,0.1
06:00,28,13,5,0,85,0.6
07:00,28,18,6,0,82,0.6
08:00,29,26,7,0,77,0.5
09:00,31,26,14,0,72,1.3
10:00,32,30,23,0,68,1.3
11:00,34,27,23,0,59,2
12:00,33,31,19,0,67,2
13:00,34,32,10,0,60,2.3
14:00,34,38,11,0,62,2.4
15:00,34,31,13,0,60,2.5
16:00,33,26,19,0,60,1.6
17:00,32,23,12,0,67,1.5
18:00,31,23,9,0,71,1.5
19:00,30,20,1,0,75,1.2
20:00,30,11,6,0,77,1.1
21:00,30,15,2,0,77,1.9
22:00,29,18,8,0,79,2.2
23:00,29,30,4,0,82,1.9
00:00,28,32,3,0,84,1.6
01:00,28,27,0,0,84,1.3
02:00,28,19,0,0,83,1.8
03:00,28,11,6,0,83,1.6
04:00,27,10,14,0,82,1.6
05:00,27,14,14,0,81,1.1
06:00,28,17,10,0,77,1.5
07:00,29,17,11,0,70,1.6
08:00,31,20,11,0,60,1.8
09:00,33,26,16,0,53,1.9
10:00,33,29,14,0,48,1.9
11:00,33,29,18,0,54,1.8
12:00,34,30,18,0,57,2
13:00,34,31,16,0,56,2
14:00,33,26,16,0,55,2.2
15:00,33,21,15,0,53,2.3
16:00,32,22,11,0,57,1.7
17:00,31,21,13,0,60,2.2
18:00,30,28,13,0,59,2.1
19:00,30,24,14,0,61,2.3
20:00,29,23,16,0,63,1.9
21:00,28,23,14,0,67,2.2
22:00,28,16,14,0,71,1.4
23:00,27,11,15,0,72,1.3
00:00,26,6,13,0,72,1.4
01:00,26,13,13,0,74,1.4
02:00,26,15,12,0,77,1.6
03:00,25,17,14,0,77,1.3
04:00,26,10,6,0,77,1.7
05:00,27,10,6,0,78,1.8
06:00,27,16,8,0,72,2
07:00,27,16,13,0,64,1.6
08:00,28,18,18,0,58,2
09:00,29,18,13,0,55,2.2
10:00,28,28,11,0,48,2
11:00,28,29,10,0,49,2.1
12:00,29,23,16,0,52,2.1
13:00,29,21,13,0,51,2.3
14:00,30,25,20,0,54,2.6
15:00,28,23,8,0,57,2.2
16:00,28,25,13,0,59,2.1
17:00,26,25,11,0,61,1.6
18:00,25,31,13,0,65,1.4
19:00,24,34,10,0,69,1.1
20:00,25,28,7,0,71,1.3
21:00,25,23,12,0,74,1.4
22:00,28,13,15,0,74,2.1
23:00,28,11,11,0,77,2.3
00:00,26,12,11,0,79,1.6
01:00,26,9,7,0,78,1.7
02:00,26,11,7,0,76,1.7
03:00,25,5,4,0,75,1.2
04:00,25,7,8,0,77,1.1
05:00,25,8,8,0,76,1.1
06:00,27,16,10,0,73,2
07:00,27,21,12,0,68,1.7
08:00,28,20,11,0,62,2.2
09:00,29,20,11,0,56,2.2
10:00,31,21,10,0,52,2.8
11:00,28,24,14,0,52,2.1
12:00,29,27,13,0,50,2.3
13:00,29,22,15,0,53,2.3
14:00,29,19,12,0,52,2.3
15:00,31,12,15,0,49,2.6
16:00,29,14,9,0,53,2.3
17:00,27,14,12,0,58,1.7
18:00,25,17,14,0,65,1.2
19:00,25,22,16,0,67,1.1
20:00,26,20,12,0,70,1.5
21:00,26,18,9,0,70,1.7
22:00,26,15,9,0,72,1.6
23:00,26,19,7,0,72,1.5
00:00,27,16,7,0,74,2
01:00,25,18,7,0,76,1.4
02:00,26,17,11,0,75,1.5
03:00,26,16,13,0,73,1.4
04:00,25,11,9,0,76,1.3
05:00,25,8,6,0,76,1.2
06:00,26,7,7,0,72,1.5
07:00,26,11,12,0,69,1.5
08:00,28,14,12,0,65,2
09:00,28,20,10,0,58,2.2
10:00,29,17,7,0,54,2.2
11:00,29,14,6,0,53,2.4
12:00,30,17,8,0,51,2.6
13:00,29,18,6,0,49,2.3
14:00,29,25,6,0,52,2.3
15:00,29,27,12,0,58,2.3
16:00,27,30,19,0,59,1.7
17:00,28,29,20,0,63,2
18:00,27,29,19,0,65,1.7
19:00,25,28,10,0,64,1.4
20:00,28,24,14,0,71,2.2
21:00,28,19,11,0,73,2.1
22:00,26,12,15,0,73,1.4
23:00,27,7,11,0,73,1.7
00:00,26,3,7,0,75,1.4
01:00,26,7,4,0,74,1.5
02:00,27,8,8,0,76,1.7
03:00,25,10,6,0,76,1.3
04:00,25,18,10,0,79,1.3
05:00,25,19,12,0,77,1.2
06:00,26,16,12,0,74,1.5
07:00,27,9,13,0,73,1.7
08:00,27,14,5,0,66,1.7
09:00,28,14,10,0,59,2.1
10:00,27,15,7,0,56,1.7
11:00,29,17,13,0,55,2.4
12:00,30,23,13,0,61,2.8
13:00,29,22,15,0,59,2.3
14:00,29,23,13,0,59,2.4
15:00,28,25,12,0,59,2.2
16:00,28,28,9,0,62,2.1
17:00,28,19,13,0,65,2
18:00,24,19,9,0,67,1
19:00,26,19,14,0,68,1.5
20:00,25,25,8,0,71,1.4
21:00,25,26,13,0,74,1.5
22:00,25,22,8,0,75,1.5
23:00,25,21,12,0,74,1.3
00:00,25,17,7,0,75,1.4
01:00,25,23,15,0,76,1.2
02:00,25,25,15,0,75,1.3
03:00,26,23,18,0,75,1.5
04:00,27,15,11,0,76,1.8
05:00,25,12,14,0,78,1.3
06:00,24,22,12,0,74,1.1
07:00,26,22,9,0,70,1.6
08:00,27,21,11,0,65,1.7
09:00,29,12,9,0,60,2.3
